,Centre,SeriesNum,PET/CT,5minPET,Manufacturer,Scanner,Skull,FrameNum,Activity,image_ref_index,DCM_path,Slice Thickness,Rows,Columns,Number of Slices,Pixel Spacing
0,Aberdeen,01,P,True,GE,D710,True,1.0,39.75356316470528,3.0,D:/Hoffman/_Aberdeen/IMANOVA_BRAIN+SKULL/ARI PARAMS/Frame1/,3.27,256,256,47.0,"[0.9765625, 0.9765625]"
1,Aberdeen,02,P,True,GE,D710,True,2.0,38.51726660864549,3.0,D:/Hoffman/_Aberdeen/IMANOVA_BRAIN+SKULL/ARI PARAMS/Frame2/,3.27,256,256,47.0,"[0.9765625, 0.9765625]"
2,Aberdeen,03,P,True,GE,D710,True,3.0,37.31941765458286,3.0,D:/Hoffman/_Aberdeen/IMANOVA_BRAIN+SKULL/ARI PARAMS/Frame3/,3.27,256,256,47.0,"[0.9765625, 0.9765625]"
3,Aberdeen,04,P,True,GE,D710,True,4.0,36.158820620063935,3.0,D:/Hoffman/_Aberdeen/IMANOVA_BRAIN+SKULL/ARI PARAMS/Frame4/,3.27,256,256,47.0,"[0.9765625, 0.9765625]"
4,Aberdeen,05,P,True,GE,D710,True,5.0,35.0343170071788,3.0,D:/Hoffman/_Aberdeen/IMANOVA_BRAIN+SKULL/ARI PARAMS/Frame5/,3.27,256,256,47.0,"[0.9765625, 0.9765625]"
5,Aberdeen,06,P,True,GE,D710,True,6.0,33.94478434615845,3.0,D:/Hoffman/_Aberdeen/IMANOVA_BRAIN+SKULL/ARI PARAMS/Frame6/,3.27,256,256,47.0,"[0.9765625, 0.9765625]"
6,Aberdeen,07,P,True,GE,D710,True,1.0,39.75356316470528,4.0,D:/Hoffman/_Aberdeen/IMANOVA_BRAIN+SKULL/IMANOVA PARAMS/Frame1/,3.27,128,128,47.0,"[1.953125, 1.953125]"
7,Aberdeen,08,P,True,GE,D710,True,2.0,38.51726660864549,4.0,D:/Hoffman/_Aberdeen/IMANOVA_BRAIN+SKULL/IMANOVA PARAMS/Frame2/,3.27,128,128,47.0,"[1.953125, 1.953125]"
8,Aberdeen,09,P,True,GE,D710,True,3.0,37.31941765458286,4.0,D:/Hoffman/_Aberdeen/IMANOVA_BRAIN+SKULL/IMANOVA PARAMS/Frame3/,3.27,128,128,47.0,"[1.953125, 1.953125]"
9,Aberdeen,10,P,True,GE,D710,True,4.0,36.158820620063935,4.0,D:/Hoffman/_Aberdeen/IMANOVA_BRAIN+SKULL/IMANOVA PARAMS/Frame4/,3.27,128,128,47.0,"[1.953125, 1.953125]"
10,Aberdeen,11,P,True,GE,D710,True,5.0,35.0343170071788,4.0,D:/Hoffman/_Aberdeen/IMANOVA_BRAIN+SKULL/IMANOVA PARAMS/Frame5/,3.27,128,128,47.0,"[1.953125, 1.953125]"
11,Aberdeen,12,P,True,GE,D710,True,6.0,33.94478434615845,4.0,D:/Hoffman/_Aberdeen/IMANOVA_BRAIN+SKULL/IMANOVA PARAMS/Frame6/,3.27,128,128,47.0,"[1.953125, 1.953125]"
12,Aberdeen,13,C,False,GE,D710,True,,,5.0,D:/Hoffman/_Aberdeen/IMANOVA_BRAIN+SKULL/WB Standard/,3.75,512,512,47.0,"[0.976562, 0.976562]"
13,Aberdeen,14,P,True,GE,D710,False,1.0,49.592987510398544,0.0,D:/Hoffman/_Aberdeen/IMANOVA_BRAIN_NO_SKULL/ARI PARAMS/Frame1/,3.27,256,256,47.0,"[0.9765625, 0.9765625]"
14,Aberdeen,15,P,True,GE,D710,False,2.0,48.05069457404469,0.0,D:/Hoffman/_Aberdeen/IMANOVA_BRAIN_NO_SKULL/ARI PARAMS/Frame2/,3.27,256,256,47.0,"[0.9765625, 0.9765625]"
15,Aberdeen,16,P,True,GE,D710,False,3.0,46.55636542493048,0.0,D:/Hoffman/_Aberdeen/IMANOVA_BRAIN_NO_SKULL/ARI PARAMS/Frame3/,3.27,256,256,47.0,"[0.9765625, 0.9765625]"
16,Aberdeen,17,P,True,GE,D710,False,4.0,45.10850843663907,0.0,D:/Hoffman/_Aberdeen/IMANOVA_BRAIN_NO_SKULL/ARI PARAMS/Frame4/,3.27,256,256,47.0,"[0.9765625, 0.9765625]"
17,Aberdeen,18,P,True,GE,D710,False,5.0,43.705678370862145,0.0,D:/Hoffman/_Aberdeen/IMANOVA_BRAIN_NO_SKULL/ARI PARAMS/Frame5/,3.27,256,256,47.0,"[0.9765625, 0.9765625]"
18,Aberdeen,19,P,True,GE,D710,False,6.0,42.346474934775536,0.0,D:/Hoffman/_Aberdeen/IMANOVA_BRAIN_NO_SKULL/ARI PARAMS/Frame6/,3.27,256,256,47.0,"[0.9765625, 0.9765625]"
19,Aberdeen,20,P,True,GE,D710,False,1.0,49.592987510398544,1.0,D:/Hoffman/_Aberdeen/IMANOVA_BRAIN_NO_SKULL/IMANOVA PARAMS/Frame1/,3.27,128,128,47.0,"[1.953125, 1.953125]"
20,Aberdeen,21,P,True,GE,D710,False,2.0,48.05069457404469,1.0,D:/Hoffman/_Aberdeen/IMANOVA_BRAIN_NO_SKULL/IMANOVA PARAMS/Frame2/,3.27,128,128,47.0,"[1.953125, 1.953125]"
21,Aberdeen,22,P,True,GE,D710,False,3.0,46.55636542493048,1.0,D:/Hoffman/_Aberdeen/IMANOVA_BRAIN_NO_SKULL/IMANOVA PARAMS/Frame3/,3.27,128,128,47.0,"[1.953125, 1.953125]"
22,Aberdeen,23,P,True,GE,D710,False,4.0,45.10850843663907,1.0,D:/Hoffman/_Aberdeen/IMANOVA_BRAIN_NO_SKULL/IMANOVA PARAMS/Frame4/,3.27,128,128,47.0,"[1.953125, 1.953125]"
23,Aberdeen,24,P,True,GE,D710,False,5.0,43.705678370862145,1.0,D:/Hoffman/_Aberdeen/IMANOVA_BRAIN_NO_SKULL/IMANOVA PARAMS/Frame5/,3.27,128,128,47.0,"[1.953125, 1.953125]"
24,Aberdeen,25,P,True,GE,D710,False,6.0,42.346474934775536,1.0,D:/Hoffman/_Aberdeen/IMANOVA_BRAIN_NO_SKULL/IMANOVA PARAMS/Frame6/,3.27,128,128,47.0,"[1.953125, 1.953125]"
25,Aberdeen,26,C,False,GE,D710,False,,,2.0,D:/Hoffman/_Aberdeen/IMANOVA_BRAIN_NO_SKULL/WB Standard/,3.75,512,512,47.0,"[0.976562, 0.976562]"
26,Belfast,01,C,False,GE,D690,False,,,6.0,D:/Hoffman/_Belfast/Local/Brain Standard 1.25mm/,1.25,512,512,121.0,"[0.585938, 0.585938]"
27,Belfast,02,P,True,GE,D690,False,1.0,28.49374551126707,7.0,D:/Hoffman/_Belfast/Local/Hoffmann Clinical/Frame1/,3.27,256,256,47.0,"[1.171875, 1.171875]"
28,Belfast,03,P,True,GE,D690,False,2.0,27.60761816467241,7.0,D:/Hoffman/_Belfast/Local/Hoffmann Clinical/Frame2/,3.27,256,256,47.0,"[1.171875, 1.171875]"
29,Belfast,04,P,True,GE,D690,False,3.0,26.749048503467776,7.0,D:/Hoffman/_Belfast/Local/Hoffmann Clinical/Frame3/,3.27,256,256,47.0,"[1.171875, 1.171875]"
30,Belfast,05,P,True,GE,D690,False,4.0,25.917179510851938,7.0,D:/Hoffman/_Belfast/Local/Hoffmann Clinical/Frame4/,3.27,256,256,47.0,"[1.171875, 1.171875]"
31,Belfast,06,P,True,GE,D690,False,5.0,25.111180822399856,7.0,D:/Hoffman/_Belfast/Local/Hoffmann Clinical/Frame5/,3.27,256,256,47.0,"[1.171875, 1.171875]"
32,Belfast,07,P,True,GE,D690,False,6.0,24.330247897200078,7.0,D:/Hoffman/_Belfast/Local/Hoffmann Clinical/Frame6/,3.27,256,256,47.0,"[1.171875, 1.171875]"
33,Belfast,08,P,False,GE,D690,False,,,8.0,D:/Hoffman/_Belfast/Local/Hoffmann summed/,3.27,256,256,47.0,"[1.171875, 1.171875]"
34,Belfast,09,P,True,GE,D690,False,1.0,28.49374551126707,9.0,D:/Hoffman/_Belfast/Local/ISGARS/0/Frame1/,3.75,512,512,168.0,"[0.976562, 0.976562]"
35,Belfast,10,P,True,GE,D690,False,2.0,27.60761816467241,9.0,D:/Hoffman/_Belfast/Local/ISGARS/0/Frame2/,3.27,256,256,94.0,"[1.171875, 1.171875]"
36,Belfast,11,P,True,GE,D690,False,3.0,26.749048503467776,9.0,D:/Hoffman/_Belfast/Local/ISGARS/0/Frame3/,3.27,256,256,47.0,"[1.171875, 1.171875]"
37,Belfast,12,P,True,GE,D690,False,4.0,25.917179510851938,9.0,D:/Hoffman/_Belfast/Local/ISGARS/0/Frame4/,3.27,256,256,47.0,"[1.171875, 1.171875]"
38,Belfast,13,P,True,GE,D690,False,5.0,25.111180822399856,9.0,D:/Hoffman/_Belfast/Local/ISGARS/0/Frame5/,3.27,256,256,47.0,"[1.171875, 1.171875]"
39,Belfast,14,P,True,GE,D690,False,6.0,24.330247897200078,9.0,D:/Hoffman/_Belfast/Local/ISGARS/0/Frame6/,3.27,256,256,47.0,"[1.171875, 1.171875]"
40,Belfast,15,P,True,GE,D690,False,,,9.0,D:/Hoffman/_Belfast/Local/ISGARS/0/Frame7/,3.27,256,256,47.0,"[1.171875, 1.171875]"
41,Belfast,16,C,False,GE,D690,False,,,10.0,D:/Hoffman/_Belfast/Standard/Brain 2.5mm interval/,3.75,512,512,61.0,"[0.585938, 0.585938]"
42,Belfast,17,,,,,,1.0,28.49374551126707,,D:/Hoffman/_Belfast/Standard/Hoffmann standard unlisted/Frame1/,3.27,128,128,47.0,"[1.953125, 1.953125]"
43,Belfast,18,,,,,,2.0,27.60761816467241,,D:/Hoffman/_Belfast/Standard/Hoffmann standard unlisted/Frame2/,3.27,128,128,47.0,"[1.953125, 1.953125]"
44,Belfast,19,,,,,,3.0,26.749048503467776,,D:/Hoffman/_Belfast/Standard/Hoffmann standard unlisted/Frame3/,3.27,128,128,47.0,"[1.953125, 1.953125]"
45,Belfast,20,,,,,,4.0,25.917179510851938,,D:/Hoffman/_Belfast/Standard/Hoffmann standard unlisted/Frame4/,3.27,128,128,47.0,"[1.953125, 1.953125]"
46,Belfast,21,,,,,,5.0,25.111180822399856,,D:/Hoffman/_Belfast/Standard/Hoffmann standard unlisted/Frame5/,3.27,128,128,47.0,"[1.953125, 1.953125]"
47,Belfast,22,,,,,,6.0,24.330247897200078,,D:/Hoffman/_Belfast/Standard/Hoffmann standard unlisted/Frame6/,3.27,128,128,47.0,"[1.953125, 1.953125]"
48,Belfast,23,P,True,GE,D690,False,,,11.0,D:/Hoffman/_Belfast/Standard/Hoffmann std clinical/,3.27,256,256,282.0,"[1.171875, 1.171875]"
49,Belfast,24,P,False,GE,D690,False,,,12.0,D:/Hoffman/_Belfast/Standard/Hoffmann summed clinical/,3.27,256,256,47.0,"[1.171875, 1.171875]"
50,Belfast,25,P,False,GE,D690,False,,,13.0,D:/Hoffman/_Belfast/Standard/Hoffmann summed std/,3.27,128,128,47.0,"[2.34375, 2.34375]"
51,Belfast,26,P,True,GE,D690,False,1.0,28.49374551126707,14.0,D:/Hoffman/_Belfast/Standard/ISGARS/0/Frame1/,3.75,512,512,108.0,"[0.585938, 0.585938]"
52,Belfast,27,P,True,GE,D690,False,2.0,27.60761816467241,14.0,D:/Hoffman/_Belfast/Standard/ISGARS/0/Frame2/,3.27,128,128,188.0,"[1.953125, 1.953125]"
53,Belfast,28,P,True,GE,D690,False,3.0,26.749048503467776,14.0,D:/Hoffman/_Belfast/Standard/ISGARS/0/Frame3/,3.27,256,256,94.0,"[1.171875, 1.171875]"
54,Belfast,29,P,True,GE,D690,False,4.0,25.917179510851938,14.0,D:/Hoffman/_Belfast/Standard/ISGARS/0/Frame4/,3.27,128,128,94.0,"[1.953125, 1.953125]"
55,Belfast,30,P,True,GE,D690,False,5.0,25.111180822399856,14.0,D:/Hoffman/_Belfast/Standard/ISGARS/0/Frame5/,3.27,128,128,94.0,"[1.953125, 1.953125]"
56,Belfast,31,P,True,GE,D690,False,6.0,24.330247897200078,14.0,D:/Hoffman/_Belfast/Standard/ISGARS/0/Frame6/,3.27,128,128,94.0,"[1.953125, 1.953125]"
57,Belfast,32,P,True,GE,D690,False,,,14.0,D:/Hoffman/_Belfast/Standard/ISGARS/0/Frame7/,3.27,128,128,94.0,"[1.953125, 1.953125]"
58,Cambridge,01,P,True,GE,D690,False,1.0,37.03165346315914,15.0,D:/Hoffman/_Cambridge/ISGARS/NoSkull/0-5 MIN/,3.27,128,128,47.0,"[1.953125, 1.953125]"
59,Cambridge,02,P,True,GE,D690,False,3.0,34.764172869374576,16.0,D:/Hoffman/_Cambridge/ISGARS/NoSkull/10-15 MINS/,3.27,128,128,47.0,"[1.953125, 1.953125]"
60,Cambridge,03,P,True,GE,D690,False,4.0,33.68304142426092,17.0,D:/Hoffman/_Cambridge/ISGARS/NoSkull/15-20 MINS/,3.27,128,128,47.0,"[1.953125, 1.953125]"
61,Cambridge,04,P,True,GE,D690,False,5.0,32.63553209942625,18.0,D:/Hoffman/_Cambridge/ISGARS/NoSkull/20-25 MINS/,3.27,128,128,47.0,"[1.953125, 1.953125]"
62,Cambridge,05,P,True,GE,D690,False,6.0,31.620599280133185,19.0,D:/Hoffman/_Cambridge/ISGARS/NoSkull/25-30 MINS/,3.27,128,128,47.0,"[1.953125, 1.953125]"
63,Cambridge,06,P,True,GE,D690,False,2.0,35.88000561081392,20.0,D:/Hoffman/_Cambridge/ISGARS/NoSkull/5-10 MIN/,3.27,128,128,47.0,"[1.953125, 1.953125]"
64,Cambridge,07,P,False,GE,D690,False,,,21.0,"D:/Hoffman/_Cambridge/ISGARS/NoSkull/VPHD 4.0 (3,18)/",3.27,128,128,47.0,"[1.953125, 1.953125]"
65,Cambridge,08,P,False,GE,D690,False,,,22.0,"D:/Hoffman/_Cambridge/ISGARS/NoSkull/VPHD-S 2.0 (24,3)/",3.27,128,128,47.0,"[1.953125, 1.953125]"
66,Cambridge,09,P,True,GE,D690,True,1.0,30.44425667269281,23.0,D:/Hoffman/_Cambridge/ISGARS/Skull/0-5 MINS/,3.27,128,128,47.0,"[1.953125, 1.953125]"
67,Cambridge,10,P,True,GE,D690,True,3.0,28.580128157172883,24.0,D:/Hoffman/_Cambridge/ISGARS/Skull/10-15 MINS/,3.27,128,128,47.0,"[1.953125, 1.953125]"
68,Cambridge,11,P,True,GE,D690,True,4.0,27.691314395597153,25.0,D:/Hoffman/_Cambridge/ISGARS/Skull/15-20 MINS/,3.27,128,128,47.0,"[1.953125, 1.953125]"
69,Cambridge,12,P,True,GE,D690,True,5.0,26.830141864264405,26.0,D:/Hoffman/_Cambridge/ISGARS/Skull/20-25 MINS/,3.27,128,128,47.0,"[1.953125, 1.953125]"
70,Cambridge,13,P,True,GE,D690,True,6.0,25.995750948210993,27.0,D:/Hoffman/_Cambridge/ISGARS/Skull/25-30 MINS/,3.27,128,128,47.0,"[1.953125, 1.953125]"
71,Cambridge,14,P,True,GE,D690,True,2.0,29.497470355191922,28.0,D:/Hoffman/_Cambridge/ISGARS/Skull/5-10 MINS/,3.27,128,128,47.0,"[1.953125, 1.953125]"
72,Cambridge,15,P,False,GE,D690,True,,,29.0,"D:/Hoffman/_Cambridge/ISGARS/Skull/VPHD 4.0 (3,18)/",3.27,128,128,47.0,"[1.953125, 1.953125]"
73,Cambridge,16,P,False,GE,D690,True,,,30.0,"D:/Hoffman/_Cambridge/ISGARS/Skull/VPHD-S 2.0 (24,3)/",3.27,128,128,47.0,"[1.953125, 1.953125]"
74,Cambridge,17,P,True,GE,D690,False,1.0,37.03165346315914,31.0,D:/Hoffman/_Cambridge/NoSkull/0-5 MIN/,3.27,128,128,47.0,"[1.953125, 1.953125]"
75,Cambridge,18,P,True,GE,D690,False,3.0,34.764172869374576,32.0,D:/Hoffman/_Cambridge/NoSkull/10-15 MINS/,3.27,128,128,47.0,"[1.953125, 1.953125]"
76,Cambridge,19,P,True,GE,D690,False,4.0,33.68304142426092,33.0,D:/Hoffman/_Cambridge/NoSkull/15-20 MINS/,3.27,128,128,47.0,"[1.953125, 1.953125]"
77,Cambridge,20,P,True,GE,D690,False,5.0,32.63553209942625,34.0,D:/Hoffman/_Cambridge/NoSkull/20-25 MINS/,3.27,128,128,47.0,"[1.953125, 1.953125]"
78,Cambridge,21,P,True,GE,D690,False,6.0,31.620599280133185,35.0,D:/Hoffman/_Cambridge/NoSkull/25-30 MINS/,3.27,128,128,47.0,"[1.953125, 1.953125]"
79,Cambridge,22,P,True,GE,D690,False,2.0,35.88000561081392,36.0,D:/Hoffman/_Cambridge/NoSkull/5-10 MIN/,3.27,128,128,47.0,"[1.953125, 1.953125]"
80,Cambridge,23,P,False,GE,D690,False,,,37.0,"D:/Hoffman/_Cambridge/NoSkull/VPHD 4.0 (3,18)/",3.27,128,128,47.0,"[1.953125, 1.953125]"
81,Cambridge,24,P,False,GE,D690,False,,,38.0,"D:/Hoffman/_Cambridge/NoSkull/VPHD-S 2.0 (24,3)/",3.27,128,128,47.0,"[1.953125, 1.953125]"
82,Cambridge,25,P,True,GE,D690,True,1.0,30.44425667269281,39.0,D:/Hoffman/_Cambridge/Skull/0-5 MINS/,3.27,128,128,47.0,"[1.953125, 1.953125]"
83,Cambridge,26,P,True,GE,D690,True,3.0,28.580128157172883,40.0,D:/Hoffman/_Cambridge/Skull/10-15 MINS/,3.27,128,128,47.0,"[1.953125, 1.953125]"
84,Cambridge,27,P,True,GE,D690,True,4.0,27.691314395597153,41.0,D:/Hoffman/_Cambridge/Skull/15-20 MINS/,3.27,128,128,47.0,"[1.953125, 1.953125]"
85,Cambridge,28,P,True,GE,D690,True,5.0,26.830141864264405,42.0,D:/Hoffman/_Cambridge/Skull/20-25 MINS/,3.27,128,128,47.0,"[1.953125, 1.953125]"
86,Cambridge,29,P,True,GE,D690,True,6.0,25.995750948210993,43.0,D:/Hoffman/_Cambridge/Skull/25-30 MINS/,3.27,128,128,47.0,"[1.953125, 1.953125]"
87,Cambridge,30,P,True,GE,D690,True,2.0,29.497470355191922,44.0,D:/Hoffman/_Cambridge/Skull/5-10 MINS/,3.27,128,128,47.0,"[1.953125, 1.953125]"
88,Cambridge,31,P,False,GE,D690,True,,,45.0,"D:/Hoffman/_Cambridge/Skull/VPHD 4.0 (3,18)/",3.27,128,128,47.0,"[1.953125, 1.953125]"
89,Cambridge,32,P,False,GE,D690,True,,,46.0,"D:/Hoffman/_Cambridge/Skull/VPHD-S 2.0 (24,3)/",3.27,128,128,47.0,"[1.953125, 1.953125]"
90,Cardiff,01,P,True,GE,D690,False,1.0,21.633708646185415,47.0,D:/Hoffman/_Cardiff/NoSkull/NO SKULL - PETIC PARAMETERS/Frame1/,3.27,256,256,47.0,"[0.9765625, 0.9765625]"
91,Cardiff,02,P,True,GE,D690,False,2.0,20.960921671511766,47.0,D:/Hoffman/_Cardiff/NoSkull/NO SKULL - PETIC PARAMETERS/Frame2/,3.27,256,256,47.0,"[0.9765625, 0.9765625]"
92,Cardiff,03,P,True,GE,D690,False,3.0,20.30905770734424,47.0,D:/Hoffman/_Cardiff/NoSkull/NO SKULL - PETIC PARAMETERS/Frame3/,3.27,256,256,47.0,"[0.9765625, 0.9765625]"
93,Cardiff,04,P,True,GE,D690,False,4.0,19.677466068718473,47.0,D:/Hoffman/_Cardiff/NoSkull/NO SKULL - PETIC PARAMETERS/Frame4/,3.27,256,256,47.0,"[0.9765625, 0.9765625]"
94,Cardiff,05,P,True,GE,D690,False,5.0,19.065516306329915,47.0,D:/Hoffman/_Cardiff/NoSkull/NO SKULL - PETIC PARAMETERS/Frame5/,3.27,256,256,47.0,"[0.9765625, 0.9765625]"
95,Cardiff,06,P,True,GE,D690,False,6.0,18.472597577224793,47.0,D:/Hoffman/_Cardiff/NoSkull/NO SKULL - PETIC PARAMETERS/Frame6/,3.27,256,256,47.0,"[0.9765625, 0.9765625]"
96,Cardiff,07,P,True,GE,D690,False,1.0,21.633708646185415,48.0,D:/Hoffman/_Cardiff/NoSkull/NO SKULL - STANDARD PARAMETER/Frame1/,3.27,128,128,47.0,"[1.953125, 1.953125]"
97,Cardiff,08,P,True,GE,D690,False,2.0,20.960921671511766,48.0,D:/Hoffman/_Cardiff/NoSkull/NO SKULL - STANDARD PARAMETER/Frame2/,3.27,128,128,47.0,"[1.953125, 1.953125]"
98,Cardiff,09,P,True,GE,D690,False,3.0,20.30905770734424,48.0,D:/Hoffman/_Cardiff/NoSkull/NO SKULL - STANDARD PARAMETER/Frame3/,3.27,128,128,47.0,"[1.953125, 1.953125]"
99,Cardiff,10,P,True,GE,D690,False,4.0,19.677466068718473,48.0,D:/Hoffman/_Cardiff/NoSkull/NO SKULL - STANDARD PARAMETER/Frame4/,3.27,128,128,47.0,"[1.953125, 1.953125]"
100,Cardiff,11,P,True,GE,D690,False,5.0,19.065516306329915,48.0,D:/Hoffman/_Cardiff/NoSkull/NO SKULL - STANDARD PARAMETER/Frame5/,3.27,128,128,47.0,"[1.953125, 1.953125]"
101,Cardiff,12,P,True,GE,D690,False,6.0,18.472597577224793,48.0,D:/Hoffman/_Cardiff/NoSkull/NO SKULL - STANDARD PARAMETER/Frame6/,3.27,128,128,47.0,"[1.953125, 1.953125]"
102,Cardiff,13,P,True,GE,D690,True,1.0,35.41378603599492,49.0,D:/Hoffman/_Cardiff/Skull/SKULL PETIC RECON/Frame1/,3.27,256,256,47.0,"[1.953125, 1.953125]"
103,Cardiff,14,P,True,GE,D690,True,2.0,34.31245226292046,49.0,D:/Hoffman/_Cardiff/Skull/SKULL PETIC RECON/Frame2/,3.27,256,256,47.0,"[1.953125, 1.953125]"
104,Cardiff,15,P,True,GE,D690,True,3.0,33.2453688825739,49.0,D:/Hoffman/_Cardiff/Skull/SKULL PETIC RECON/Frame3/,3.27,256,256,47.0,"[1.953125, 1.953125]"
105,Cardiff,16,P,True,GE,D690,True,4.0,32.21147074156513,49.0,D:/Hoffman/_Cardiff/Skull/SKULL PETIC RECON/Frame4/,3.27,256,256,47.0,"[1.953125, 1.953125]"
106,Cardiff,17,P,True,GE,D690,True,5.0,31.20972581172262,49.0,D:/Hoffman/_Cardiff/Skull/SKULL PETIC RECON/Frame5/,3.27,256,256,47.0,"[1.953125, 1.953125]"
107,Cardiff,18,P,True,GE,D690,True,6.0,30.23913415993178,49.0,D:/Hoffman/_Cardiff/Skull/SKULL PETIC RECON/Frame6/,3.27,256,256,47.0,"[1.953125, 1.953125]"
108,Cardiff,19,P,True,GE,D690,True,1.0,35.41378603599492,50.0,D:/Hoffman/_Cardiff/Skull/SKULL STANDARD RECON/Frame1/,3.27,128,128,47.0,"[1.953125, 1.953125]"
109,Cardiff,20,P,True,GE,D690,True,2.0,34.31245226292046,50.0,D:/Hoffman/_Cardiff/Skull/SKULL STANDARD RECON/Frame2/,3.27,128,128,47.0,"[1.953125, 1.953125]"
110,Cardiff,21,P,True,GE,D690,True,3.0,33.2453688825739,50.0,D:/Hoffman/_Cardiff/Skull/SKULL STANDARD RECON/Frame3/,3.27,128,128,47.0,"[1.953125, 1.953125]"
111,Cardiff,22,P,True,GE,D690,True,4.0,32.21147074156513,50.0,D:/Hoffman/_Cardiff/Skull/SKULL STANDARD RECON/Frame4/,3.27,128,128,47.0,"[1.953125, 1.953125]"
112,Cardiff,23,P,True,GE,D690,True,5.0,31.20972581172262,50.0,D:/Hoffman/_Cardiff/Skull/SKULL STANDARD RECON/Frame5/,3.27,128,128,47.0,"[1.953125, 1.953125]"
113,Cardiff,24,P,True,GE,D690,True,6.0,30.23913415993178,50.0,D:/Hoffman/_Cardiff/Skull/SKULL STANDARD RECON/Frame6/,3.27,128,128,47.0,"[1.953125, 1.953125]"
114,Christie,01,P,True,GE,DSTE8,False,1.0,,61.0,D:/Hoffman/_Christie/Hoffman_NoSkull2_2014_06_13/Hoffman_CTAC-50cm_3x20_128_25cm_4mm/Frame1/,3.27,128,128,47.0,"[1.953125, 1.953125]"
115,Christie,02,P,True,GE,DSTE8,False,2.0,,61.0,D:/Hoffman/_Christie/Hoffman_NoSkull2_2014_06_13/Hoffman_CTAC-50cm_3x20_128_25cm_4mm/Frame2/,3.27,128,128,47.0,"[1.953125, 1.953125]"
116,Christie,03,P,True,GE,DSTE8,False,3.0,,61.0,D:/Hoffman/_Christie/Hoffman_NoSkull2_2014_06_13/Hoffman_CTAC-50cm_3x20_128_25cm_4mm/Frame3/,3.27,128,128,47.0,"[1.953125, 1.953125]"
117,Christie,04,P,True,GE,DSTE8,False,4.0,,61.0,D:/Hoffman/_Christie/Hoffman_NoSkull2_2014_06_13/Hoffman_CTAC-50cm_3x20_128_25cm_4mm/Frame4/,3.27,128,128,47.0,"[1.953125, 1.953125]"
118,Christie,05,P,True,GE,DSTE8,False,5.0,,61.0,D:/Hoffman/_Christie/Hoffman_NoSkull2_2014_06_13/Hoffman_CTAC-50cm_3x20_128_25cm_4mm/Frame5/,3.27,128,128,47.0,"[1.953125, 1.953125]"
119,Christie,06,P,True,GE,DSTE8,False,6.0,,61.0,D:/Hoffman/_Christie/Hoffman_NoSkull2_2014_06_13/Hoffman_CTAC-50cm_3x20_128_25cm_4mm/Frame6/,3.27,128,128,47.0,"[1.953125, 1.953125]"
120,Christie,07,C,False,GE,DSTE8,False,,,59.0,D:/Hoffman/_Christie/Hoffman_NoSkull2_2014_06_13/Hoffman_CT_2-5mm_25cm/,3.75,512,512,61.0,"[0.488281, 0.488281]"
121,Christie,08,C,False,GE,DSTE8,False,,,60.0,D:/Hoffman/_Christie/Hoffman_NoSkull2_2014_06_13/Hoffman_CT_3-27mm_AC_50cm/,3.75,512,512,47.0,"[0.976562, 0.976562]"
122,Christie,09,P,False,GE,DSTE8,False,,,62.0,D:/Hoffman/_Christie/Hoffman_NoSkull2_2014_06_13/Standard_3D_CTAC_Iterative/,3.27,128,128,47.0,"[2.34375, 2.34375]"
123,Christie,10,P,False,GE,DSTE8,False,,,63.0,D:/Hoffman/_Christie/Hoffman_NoSkull2_2014_06_13/Standard_3D_noAC_Iterative/,3.27,128,128,47.0,"[2.34375, 2.34375]"
124,Christie,11,C,False,GE,DSTE8,False,,,64.0,D:/Hoffman/_Christie/Hoffman_NoSkull2_2014_06_13/Standard_CT Brain/,3.75,512,512,47.0,"[0.585938, 0.585938]"
125,Christie,12,P,False,GE,DSTE8,False,,,65.0,D:/Hoffman/_Christie/Hoffman_NoSkull2_2014_06_13/Standard_CTAC Brain/,3.75,512,512,47.0,"[0.976562, 0.976562]"
126,Christie,13,P,True,GE,DSTE8,False,1.0,,66.0,D:/Hoffman/_Christie/Hoffman_NoSkull2_2014_06_13/Standard_CTAC_2x20_128_30cm_2-14mm/Frame1/,3.27,128,128,47.0,"[2.34375, 2.34375]"
127,Christie,14,P,True,GE,DSTE8,False,2.0,,66.0,D:/Hoffman/_Christie/Hoffman_NoSkull2_2014_06_13/Standard_CTAC_2x20_128_30cm_2-14mm/Frame2/,3.27,128,128,47.0,"[2.34375, 2.34375]"
128,Christie,15,P,True,GE,DSTE8,False,3.0,,66.0,D:/Hoffman/_Christie/Hoffman_NoSkull2_2014_06_13/Standard_CTAC_2x20_128_30cm_2-14mm/Frame3/,3.27,128,128,47.0,"[2.34375, 2.34375]"
129,Christie,16,P,True,GE,DSTE8,False,4.0,,66.0,D:/Hoffman/_Christie/Hoffman_NoSkull2_2014_06_13/Standard_CTAC_2x20_128_30cm_2-14mm/Frame4/,3.27,128,128,47.0,"[2.34375, 2.34375]"
130,Christie,17,P,True,GE,DSTE8,False,5.0,,66.0,D:/Hoffman/_Christie/Hoffman_NoSkull2_2014_06_13/Standard_CTAC_2x20_128_30cm_2-14mm/Frame5/,3.27,128,128,47.0,"[2.34375, 2.34375]"
131,Christie,18,P,True,GE,DSTE8,False,6.0,,66.0,D:/Hoffman/_Christie/Hoffman_NoSkull2_2014_06_13/Standard_CTAC_2x20_128_30cm_2-14mm/Frame6/,3.27,128,128,47.0,"[2.34375, 2.34375]"
132,Christie,19,P,True,GE,DSTE8,False,1.0,11.546382097967001,53.0,D:/Hoffman/_Christie/Hoffman_NoSkull_2014_06_09/Hoffman_CTAC-50cm_3x20_128_25cm_4mm/Frame1/,3.27,128,128,47.0,"[1.953125, 1.953125]"
133,Christie,20,P,True,GE,DSTE8,False,2.0,11.187301017271809,53.0,D:/Hoffman/_Christie/Hoffman_NoSkull_2014_06_09/Hoffman_CTAC-50cm_3x20_128_25cm_4mm/Frame2/,3.27,128,128,47.0,"[1.953125, 1.953125]"
134,Christie,21,P,True,GE,DSTE8,False,3.0,10.839387003578143,53.0,D:/Hoffman/_Christie/Hoffman_NoSkull_2014_06_09/Hoffman_CTAC-50cm_3x20_128_25cm_4mm/Frame3/,3.27,128,128,47.0,"[1.953125, 1.953125]"
135,Christie,22,P,True,GE,DSTE8,False,4.0,10.502292772130218,53.0,D:/Hoffman/_Christie/Hoffman_NoSkull_2014_06_09/Hoffman_CTAC-50cm_3x20_128_25cm_4mm/Frame4/,3.27,128,128,47.0,"[1.953125, 1.953125]"
136,Christie,23,P,True,GE,DSTE8,False,5.0,10.175681838385195,53.0,D:/Hoffman/_Christie/Hoffman_NoSkull_2014_06_09/Hoffman_CTAC-50cm_3x20_128_25cm_4mm/Frame5/,3.27,128,128,47.0,"[1.953125, 1.953125]"
137,Christie,24,P,True,GE,DSTE8,False,6.0,9.859228182137223,53.0,D:/Hoffman/_Christie/Hoffman_NoSkull_2014_06_09/Hoffman_CTAC-50cm_3x20_128_25cm_4mm/Frame6/,3.27,128,128,47.0,"[1.953125, 1.953125]"
138,Christie,25,C,False,GE,DSTE8,False,,,51.0,D:/Hoffman/_Christie/Hoffman_NoSkull_2014_06_09/Hoffman_CT_2-5mm_25cm/,3.75,512,512,61.0,"[0.488281, 0.488281]"
139,Christie,26,C,False,GE,DSTE8,False,,,52.0,D:/Hoffman/_Christie/Hoffman_NoSkull_2014_06_09/Hoffman_CT_3-27mm_AC_50cm/,3.75,512,512,47.0,"[0.976562, 0.976562]"
140,Christie,27,P,False,GE,DSTE8,False,,,54.0,D:/Hoffman/_Christie/Hoffman_NoSkull_2014_06_09/Standard_3D_CTAC_Iterative/,3.27,128,128,47.0,"[2.34375, 2.34375]"
141,Christie,28,P,False,GE,DSTE8,False,,,55.0,D:/Hoffman/_Christie/Hoffman_NoSkull_2014_06_09/Standard_3D_noAC_Iterative/,3.27,128,128,47.0,"[2.34375, 2.34375]"
142,Christie,29,C,False,GE,DSTE8,False,,,56.0,D:/Hoffman/_Christie/Hoffman_NoSkull_2014_06_09/Standard_CT Brain/,3.75,512,512,47.0,"[0.585938, 0.585938]"
143,Christie,30,P,False,GE,DSTE8,False,,,57.0,D:/Hoffman/_Christie/Hoffman_NoSkull_2014_06_09/Standard_CTAC Brain/,3.75,512,512,47.0,"[0.976562, 0.976562]"
144,Christie,31,P,True,GE,DSTE8,False,1.0,11.546382097967001,58.0,D:/Hoffman/_Christie/Hoffman_NoSkull_2014_06_09/Standard_CTAC_2X20_128_30cm_2-14mm/Frame1/,3.27,128,128,47.0,"[2.34375, 2.34375]"
145,Christie,32,P,True,GE,DSTE8,False,2.0,11.187301017271809,58.0,D:/Hoffman/_Christie/Hoffman_NoSkull_2014_06_09/Standard_CTAC_2X20_128_30cm_2-14mm/Frame2/,3.27,128,128,47.0,"[2.34375, 2.34375]"
146,Christie,33,P,True,GE,DSTE8,False,3.0,10.839387003578143,58.0,D:/Hoffman/_Christie/Hoffman_NoSkull_2014_06_09/Standard_CTAC_2X20_128_30cm_2-14mm/Frame3/,3.27,128,128,47.0,"[2.34375, 2.34375]"
147,Christie,34,P,True,GE,DSTE8,False,4.0,10.502292772130218,58.0,D:/Hoffman/_Christie/Hoffman_NoSkull_2014_06_09/Standard_CTAC_2X20_128_30cm_2-14mm/Frame4/,3.27,128,128,47.0,"[2.34375, 2.34375]"
148,Christie,35,P,True,GE,DSTE8,False,5.0,10.175681838385195,58.0,D:/Hoffman/_Christie/Hoffman_NoSkull_2014_06_09/Standard_CTAC_2X20_128_30cm_2-14mm/Frame5/,3.27,128,128,47.0,"[2.34375, 2.34375]"
149,Christie,36,P,True,GE,DSTE8,False,6.0,9.859228182137223,58.0,D:/Hoffman/_Christie/Hoffman_NoSkull_2014_06_09/Standard_CTAC_2X20_128_30cm_2-14mm/Frame6/,3.27,128,128,47.0,"[2.34375, 2.34375]"
150,Christie,37,,,,,,1.0,11.546382097967001,,D:/Hoffman/_Christie/Hoffman_Skull_2014_06_09/Hoffman_CTAC-50cm_3x20_128_25cm_4mm/Frame1/,3.27,128,128,47.0,"[1.953125, 1.953125]"
151,Christie,38,,,,,,2.0,11.187301017271809,,D:/Hoffman/_Christie/Hoffman_Skull_2014_06_09/Hoffman_CTAC-50cm_3x20_128_25cm_4mm/Frame2/,3.27,128,128,47.0,"[1.953125, 1.953125]"
152,Christie,39,,,,,,3.0,10.839387003578143,,D:/Hoffman/_Christie/Hoffman_Skull_2014_06_09/Hoffman_CTAC-50cm_3x20_128_25cm_4mm/Frame3/,3.27,128,128,47.0,"[1.953125, 1.953125]"
153,Christie,40,,,,,,4.0,10.502292772130218,,D:/Hoffman/_Christie/Hoffman_Skull_2014_06_09/Hoffman_CTAC-50cm_3x20_128_25cm_4mm/Frame4/,3.27,128,128,47.0,"[1.953125, 1.953125]"
154,Christie,41,,,,,,5.0,10.175681838385195,,D:/Hoffman/_Christie/Hoffman_Skull_2014_06_09/Hoffman_CTAC-50cm_3x20_128_25cm_4mm/Frame5/,3.27,128,128,47.0,"[1.953125, 1.953125]"
155,Christie,42,,,,,,6.0,9.859228182137223,,D:/Hoffman/_Christie/Hoffman_Skull_2014_06_09/Hoffman_CTAC-50cm_3x20_128_25cm_4mm/Frame6/,3.27,128,128,47.0,"[1.953125, 1.953125]"
156,Christie,43,C,False,GE,DSTE8,True,,,67.0,D:/Hoffman/_Christie/Hoffman_Skull_2014_06_09/Hoffman_CT_2-5mm_25cm/,3.75,512,512,61.0,"[0.488281, 0.488281]"
157,Christie,44,C,False,GE,DSTE8,True,,,68.0,D:/Hoffman/_Christie/Hoffman_Skull_2014_06_09/Hoffman_CT_3-27mm_AC_50cm/,3.75,512,512,47.0,"[0.976562, 0.976562]"
158,Christie,45,P,False,GE,DSTE8,True,,,69.0,D:/Hoffman/_Christie/Hoffman_Skull_2014_06_09/Standard_3D_noAC_Iterative/,3.27,128,128,47.0,"[2.34375, 2.34375]"
159,Christie,46,C,False,GE,DSTE8,True,,,70.0,D:/Hoffman/_Christie/Hoffman_Skull_2014_06_09/Standard_CT Brain/,3.75,512,512,47.0,"[0.585938, 0.585938]"
160,Christie,47,P,False,GE,DSTE8,True,,,71.0,D:/Hoffman/_Christie/Hoffman_Skull_2014_06_09/Standard_CTAC Brain/,3.75,512,512,47.0,"[0.976562, 0.976562]"
161,Christie,48,,,,,,1.0,11.546382097967001,,D:/Hoffman/_Christie/Hoffman_Skull_2014_06_09/Standard_CTAC_2x20_128_30cm_2-14mm/Frame1/,3.27,128,128,47.0,"[2.34375, 2.34375]"
162,Christie,49,,,,,,2.0,11.187301017271809,,D:/Hoffman/_Christie/Hoffman_Skull_2014_06_09/Standard_CTAC_2x20_128_30cm_2-14mm/Frame2/,3.27,128,128,47.0,"[2.34375, 2.34375]"
163,Christie,50,,,,,,3.0,10.839387003578143,,D:/Hoffman/_Christie/Hoffman_Skull_2014_06_09/Standard_CTAC_2x20_128_30cm_2-14mm/Frame3/,3.27,128,128,47.0,"[2.34375, 2.34375]"
164,Christie,51,,,,,,4.0,10.502292772130218,,D:/Hoffman/_Christie/Hoffman_Skull_2014_06_09/Standard_CTAC_2x20_128_30cm_2-14mm/Frame4/,3.27,128,128,47.0,"[2.34375, 2.34375]"
165,Christie,52,,,,,,5.0,10.175681838385195,,D:/Hoffman/_Christie/Hoffman_Skull_2014_06_09/Standard_CTAC_2x20_128_30cm_2-14mm/Frame5/,3.27,128,128,47.0,"[2.34375, 2.34375]"
166,Christie,53,,,,,,6.0,9.859228182137223,,D:/Hoffman/_Christie/Hoffman_Skull_2014_06_09/Standard_CTAC_2x20_128_30cm_2-14mm/Frame6/,3.27,128,128,47.0,"[2.34375, 2.34375]"
167,Christie,54,,,,,,1.0,11.546382097967001,,D:/Hoffman/_Christie/Hoffman_Skull_2014_06_09/_Frame1_Hoffman_CTAC-50cm_3x20_128_25cm_4mm/,3.27,128,128,47.0,"[1.953125, 1.953125]"
168,Dundee,01,P,True,SIEMENS,mCT,True,1.0,34.303381770247434,72.0,D:/Hoffman/_Dundee/#20_DD_Hoffman_1x5_Skull/,3.0,128,128,56.0,"[1.81823, 1.81823]"
169,Dundee,02,P,True,SIEMENS,mCT,True,2.0,33.2365804732655,73.0,D:/Hoffman/_Dundee/#21_DD_Hoffman_2x5_Skull/,3.0,128,128,56.0,"[1.81823, 1.81823]"
170,Dundee,03,P,True,SIEMENS,mCT,True,3.0,32.20295564310729,74.0,D:/Hoffman/_Dundee/#22_DD_Hoffman_3x5_Skull/,3.0,128,128,56.0,"[1.81823, 1.81823]"
171,Dundee,04,P,True,SIEMENS,mCT,True,4.0,31.20147552441779,75.0,D:/Hoffman/_Dundee/#23_DD_Hoffman_4x5_Skull/,3.0,128,128,56.0,"[1.81823, 1.81823]"
172,Dundee,05,P,True,SIEMENS,mCT,True,5.0,30.231140448414614,76.0,D:/Hoffman/_Dundee/#24_DD_Hoffman_5x5_Skull/,3.0,128,128,56.0,"[1.81823, 1.81823]"
173,Dundee,06,P,True,SIEMENS,mCT,True,6.0,29.290981835027292,77.0,D:/Hoffman/_Dundee/#25_DD_Hoffman_6x5_Skull/,3.0,128,128,56.0,"[1.81823, 1.81823]"
174,Dundee,07,P,True,SIEMENS,mCT,False,1.0,42.79382898705065,78.0,D:/Hoffman/_Dundee/#26_DD_Hoffman_1x5/,3.0,128,128,56.0,"[1.81823, 1.81823]"
175,Dundee,08,P,True,SIEMENS,mCT,True,2.0,33.2365804732655,79.0,D:/Hoffman/_Dundee/#26_DD_Hoffman_2x5 Clinical_Skull/,3.0,400,400,56.0,"[1.01821, 1.01821]"
176,Dundee,09,P,True,SIEMENS,mCT,False,2.0,41.46298316630988,80.0,D:/Hoffman/_Dundee/#27_DD_Hoffman_2x5/,3.0,128,128,56.0,"[1.81823, 1.81823]"
177,Dundee,10,P,True,SIEMENS,mCT,True,3.0,32.20295564310729,81.0,D:/Hoffman/_Dundee/#27_DD_Hoffman_3x5 Clinical_Skull/,3.0,400,400,56.0,"[1.01821, 1.01821]"
178,Dundee,11,P,True,SIEMENS,mCT,False,3.0,40.173525336326364,82.0,D:/Hoffman/_Dundee/#28_DD_Hoffman_3x5/,3.0,128,128,56.0,"[1.81823, 1.81823]"
179,Dundee,12,P,True,SIEMENS,mCT,True,4.0,31.20147552441779,83.0,D:/Hoffman/_Dundee/#28_DD_Hoffman_4x5 Clinical_Skull/,3.0,400,400,56.0,"[1.01821, 1.01821]"
180,Dundee,13,P,True,SIEMENS,mCT,False,4.0,38.92416837145996,84.0,D:/Hoffman/_Dundee/#29_DD_Hoffman_4x5/,3.0,128,128,56.0,"[1.81823, 1.81823]"
181,Dundee,14,P,True,SIEMENS,mCT,True,5.0,30.231140448414614,85.0,D:/Hoffman/_Dundee/#29_DD_Hoffman_5x5 Clinical_Skull/,3.0,400,400,56.0,"[1.01821, 1.01821]"
182,Dundee,15,P,True,SIEMENS,mCT,False,5.0,37.713665174406884,86.0,D:/Hoffman/_Dundee/#30_DD_Hoffman_5x5/,3.0,128,128,56.0,"[1.81823, 1.81823]"
183,Dundee,16,P,True,SIEMENS,mCT,True,6.0,29.290981835027292,87.0,D:/Hoffman/_Dundee/#30_DD_Hoffman_6x5 Clinical_Skull/,3.0,400,400,56.0,"[1.01821, 1.01821]"
184,Dundee,17,P,True,SIEMENS,mCT,True,1.0,34.303381770247434,88.0,D:/Hoffman/_Dundee/#31_DD_Hoffman_1x5 Clinical_Skull/,3.0,400,400,56.0,"[1.01821, 1.01821]"
185,Dundee,18,P,True,SIEMENS,mCT,False,6.0,36.54080743135791,89.0,D:/Hoffman/_Dundee/#31_DD_Hoffman_6x5/,3.0,128,128,56.0,"[1.81823, 1.81823]"
186,Dundee,19,P,True,SIEMENS,mCT,False,1.0,42.79382898705065,90.0,D:/Hoffman/_Dundee/#32_DD_Hoffman_1x5 Clinical/,3.0,400,400,56.0,"[1.01821, 1.01821]"
187,Dundee,20,P,True,SIEMENS,mCT,False,2.0,41.46298316630988,91.0,D:/Hoffman/_Dundee/#33_DD_Hoffman_2x5 Clinical/,3.0,400,400,56.0,"[1.01821, 1.01821]"
188,Dundee,21,P,True,SIEMENS,mCT,False,3.0,40.173525336326364,92.0,D:/Hoffman/_Dundee/#34_DD_Hoffman_3x5 Clinical/,3.0,400,400,56.0,"[1.01821, 1.01821]"
189,Dundee,22,P,True,SIEMENS,mCT,False,4.0,38.92416837145996,93.0,D:/Hoffman/_Dundee/#35_DD_Hoffman_4x5 Clinical/,3.0,400,400,56.0,"[1.01821, 1.01821]"
190,Dundee,23,P,True,SIEMENS,mCT,False,5.0,37.713665174406884,94.0,D:/Hoffman/_Dundee/#36_DD_Hoffman_5x5 Clinical/,3.0,400,400,56.0,"[1.01821, 1.01821]"
191,Dundee,24,P,True,SIEMENS,mCT,False,6.0,36.54080743135791,95.0,D:/Hoffman/_Dundee/#37_DD_Hoffman_6x5 Clinical/,3.0,400,400,56.0,"[1.01821, 1.01821]"
192,Edinburgh,01,P,False,SIEMENS,mCT,True,,,96.0,D:/Hoffman/_Edinburgh/#10_Hoff skull OSEM 3i24s 4mm 400 z1/,3.0,400,400,450.0,"[2.03642, 2.03642]"
193,Edinburgh,02,P,True,SIEMENS,mCT,False,1.0,44.87684486246901,97.0,D:/Hoffman/_Edinburgh/#11_Hoff AC OSEM+TOF 4i21s 4mm 400 z2/Frame1/,3.0,400,400,75.0,"[1.01821, 1.01821]"
194,Edinburgh,03,P,True,SIEMENS,mCT,False,2.0,43.48121930507097,97.0,D:/Hoffman/_Edinburgh/#11_Hoff AC OSEM+TOF 4i21s 4mm 400 z2/Frame2/,3.0,400,400,75.0,"[1.01821, 1.01821]"
195,Edinburgh,04,P,True,SIEMENS,mCT,False,3.0,42.12899632426743,97.0,D:/Hoffman/_Edinburgh/#11_Hoff AC OSEM+TOF 4i21s 4mm 400 z2/Frame3/,3.0,400,400,75.0,"[1.01821, 1.01821]"
196,Edinburgh,05,P,True,SIEMENS,mCT,False,4.0,40.818826142788225,97.0,D:/Hoffman/_Edinburgh/#11_Hoff AC OSEM+TOF 4i21s 4mm 400 z2/Frame4/,3.0,400,400,75.0,"[1.01821, 1.01821]"
197,Edinburgh,06,P,True,SIEMENS,mCT,False,5.0,39.54940096010331,97.0,D:/Hoffman/_Edinburgh/#11_Hoff AC OSEM+TOF 4i21s 4mm 400 z2/Frame5/,3.0,400,400,75.0,"[1.01821, 1.01821]"
198,Edinburgh,07,P,True,SIEMENS,mCT,False,6.0,38.31945364698765,97.0,D:/Hoffman/_Edinburgh/#11_Hoff AC OSEM+TOF 4i21s 4mm 400 z2/Frame6/,3.0,400,400,75.0,"[1.01821, 1.01821]"
199,Edinburgh,08,P,True,SIEMENS,mCT,False,1.0,44.87684486246901,98.0,D:/Hoffman/_Edinburgh/#12_Hoff AC OSEM 3i24s 4mm 400 z1/Frame1/,3.0,400,400,75.0,"[2.03642, 2.03642]"
200,Edinburgh,09,P,True,SIEMENS,mCT,False,2.0,43.48121930507097,98.0,D:/Hoffman/_Edinburgh/#12_Hoff AC OSEM 3i24s 4mm 400 z1/Frame2/,3.0,400,400,75.0,"[2.03642, 2.03642]"
201,Edinburgh,10,P,True,SIEMENS,mCT,False,3.0,42.12899632426743,98.0,D:/Hoffman/_Edinburgh/#12_Hoff AC OSEM 3i24s 4mm 400 z1/Frame3/,3.0,400,400,75.0,"[2.03642, 2.03642]"
202,Edinburgh,11,P,True,SIEMENS,mCT,False,4.0,40.818826142788225,98.0,D:/Hoffman/_Edinburgh/#12_Hoff AC OSEM 3i24s 4mm 400 z1/Frame4/,3.0,400,400,75.0,"[2.03642, 2.03642]"
203,Edinburgh,12,P,True,SIEMENS,mCT,False,5.0,39.54940096010331,98.0,D:/Hoffman/_Edinburgh/#12_Hoff AC OSEM 3i24s 4mm 400 z1/Frame5/,3.0,400,400,75.0,"[2.03642, 2.03642]"
204,Edinburgh,13,P,True,SIEMENS,mCT,False,6.0,38.31945364698765,98.0,D:/Hoffman/_Edinburgh/#12_Hoff AC OSEM 3i24s 4mm 400 z1/Frame6/,3.0,400,400,75.0,"[2.03642, 2.03642]"
205,Edinburgh,14,P,True,SIEMENS,mCT,True,1.0,35.973119919399394,99.0,D:/Hoffman/_Edinburgh/#7_Hoff skull AC OSEM 3i24s 4mm 128 z1/Frame1/,3.0,128,128,75.0,"[6.3638, 6.3638]"
206,Edinburgh,15,P,True,SIEMENS,mCT,True,2.0,34.85439141491745,99.0,D:/Hoffman/_Edinburgh/#7_Hoff skull AC OSEM 3i24s 4mm 128 z1/Frame2/,3.0,128,128,75.0,"[6.3638, 6.3638]"
207,Edinburgh,16,P,True,SIEMENS,mCT,True,3.0,33.77045426213213,99.0,D:/Hoffman/_Edinburgh/#7_Hoff skull AC OSEM 3i24s 4mm 128 z1/Frame3/,3.0,128,128,75.0,"[6.3638, 6.3638]"
208,Edinburgh,17,P,True,SIEMENS,mCT,True,4.0,32.72022648436362,99.0,D:/Hoffman/_Edinburgh/#7_Hoff skull AC OSEM 3i24s 4mm 128 z1/Frame4/,3.0,128,128,75.0,"[6.3638, 6.3638]"
209,Edinburgh,18,P,True,SIEMENS,mCT,True,5.0,31.70265975333837,99.0,D:/Hoffman/_Edinburgh/#7_Hoff skull AC OSEM 3i24s 4mm 128 z1/Frame5/,3.0,128,128,75.0,"[6.3638, 6.3638]"
210,Edinburgh,19,P,True,SIEMENS,mCT,True,6.0,30.716738342756862,99.0,D:/Hoffman/_Edinburgh/#7_Hoff skull AC OSEM 3i24s 4mm 128 z1/Frame6/,3.0,128,128,75.0,"[6.3638, 6.3638]"
211,Edinburgh,20,P,True,SIEMENS,mCT,False,1.0,44.87684486246901,100.0,D:/Hoffman/_Edinburgh/#9_Hoff AC OSEM 3i24s 4mm 128 z1/Frame1/,3.0,128,128,75.0,"[6.3638, 6.3638]"
212,Edinburgh,21,P,True,SIEMENS,mCT,False,2.0,43.48121930507097,100.0,D:/Hoffman/_Edinburgh/#9_Hoff AC OSEM 3i24s 4mm 128 z1/Frame2/,3.0,128,128,75.0,"[6.3638, 6.3638]"
213,Edinburgh,22,P,True,SIEMENS,mCT,False,3.0,42.12899632426743,100.0,D:/Hoffman/_Edinburgh/#9_Hoff AC OSEM 3i24s 4mm 128 z1/Frame3/,3.0,128,128,75.0,"[6.3638, 6.3638]"
214,Edinburgh,23,P,True,SIEMENS,mCT,False,4.0,40.818826142788225,100.0,D:/Hoffman/_Edinburgh/#9_Hoff AC OSEM 3i24s 4mm 128 z1/Frame4/,3.0,128,128,75.0,"[6.3638, 6.3638]"
215,Edinburgh,24,P,True,SIEMENS,mCT,False,5.0,39.54940096010331,100.0,D:/Hoffman/_Edinburgh/#9_Hoff AC OSEM 3i24s 4mm 128 z1/Frame5/,3.0,128,128,75.0,"[6.3638, 6.3638]"
216,Edinburgh,25,P,True,SIEMENS,mCT,False,6.0,38.31945364698765,100.0,D:/Hoffman/_Edinburgh/#9_Hoff AC OSEM 3i24s 4mm 128 z1/Frame6/,3.0,128,128,75.0,"[6.3638, 6.3638]"
217,Edinburgh,26,,,,,,1.0,44.87684486246901,,D:/Hoffman/_Edinburgh/#9_Hoff skull AC OSEM+TOF 4i21s 4mm 400 z2/Frame1/,3.0,400,400,75.0,"[1.01821, 1.01821]"
218,Edinburgh,27,,,,,,2.0,43.48121930507097,,D:/Hoffman/_Edinburgh/#9_Hoff skull AC OSEM+TOF 4i21s 4mm 400 z2/Frame2/,3.0,400,400,75.0,"[1.01821, 1.01821]"
219,Edinburgh,28,,,,,,3.0,42.12899632426743,,D:/Hoffman/_Edinburgh/#9_Hoff skull AC OSEM+TOF 4i21s 4mm 400 z2/Frame3/,3.0,400,400,75.0,"[1.01821, 1.01821]"
220,Edinburgh,29,,,,,,4.0,40.818826142788225,,D:/Hoffman/_Edinburgh/#9_Hoff skull AC OSEM+TOF 4i21s 4mm 400 z2/Frame4/,3.0,400,400,75.0,"[1.01821, 1.01821]"
221,Edinburgh,30,,,,,,5.0,39.54940096010331,,D:/Hoffman/_Edinburgh/#9_Hoff skull AC OSEM+TOF 4i21s 4mm 400 z2/Frame5/,3.0,400,400,75.0,"[1.01821, 1.01821]"
222,Edinburgh,31,,,,,,6.0,38.31945364698765,,D:/Hoffman/_Edinburgh/#9_Hoff skull AC OSEM+TOF 4i21s 4mm 400 z2/Frame6/,3.0,400,400,75.0,"[1.01821, 1.01821]"
223,Glasgow,01,P,True,GE,D690,False,1.0,27.96837276322852,102.0,D:/Hoffman/_Glasgow/NoSkull/Glasgow PET 0-5m NO Skull/,3.27,256,256,47.0,"[0.9765625, 0.9765625]"
224,Glasgow,02,P,True,GE,D690,False,3.0,26.25584478919559,103.0,D:/Hoffman/_Glasgow/NoSkull/Glasgow PET 10-15m NO Skull/,3.27,256,256,47.0,"[0.9765625, 0.9765625]"
225,Glasgow,03,P,True,GE,D690,False,4.0,25.439313945033625,104.0,D:/Hoffman/_Glasgow/NoSkull/Glasgow PET 15-20m NO Skull/,3.27,256,256,47.0,"[0.9765625, 0.9765625]"
226,Glasgow,04,P,True,GE,D690,False,5.0,24.648176403765582,105.0,D:/Hoffman/_Glasgow/NoSkull/Glasgow PET 20-25m NO Skull/,3.27,256,256,47.0,"[0.9765625, 0.9765625]"
227,Glasgow,05,P,True,GE,D690,False,6.0,23.88164245874845,106.0,D:/Hoffman/_Glasgow/NoSkull/Glasgow PET 25-30m NO Skull/,3.27,256,256,47.0,"[0.9765625, 0.9765625]"
228,Glasgow,06,P,True,GE,D690,False,2.0,27.098583990269553,107.0,D:/Hoffman/_Glasgow/NoSkull/Glasgow PET 5-10m NO Skull/,3.27,256,256,47.0,"[0.9765625, 0.9765625]"
229,Glasgow,07,P,True,GE,D690,False,1.0,27.96837276322852,109.0,D:/Hoffman/_Glasgow/NoSkull/UK PET 0-5m NO Skull/,3.27,128,128,47.0,"[1.953125, 1.953125]"
230,Glasgow,08,P,True,GE,D690,False,1.0,27.96837276322852,108.0,D:/Hoffman/_Glasgow/NoSkull/UK PET 0-5m NO Skull NToF/,3.27,128,128,47.0,"[1.953125, 1.953125]"
231,Glasgow,09,P,True,GE,D690,False,3.0,26.25584478919559,111.0,D:/Hoffman/_Glasgow/NoSkull/UK PET 10-15m NO Skull/,3.27,128,128,47.0,"[1.953125, 1.953125]"
232,Glasgow,10,P,True,GE,D690,False,3.0,26.25584478919559,110.0,D:/Hoffman/_Glasgow/NoSkull/UK PET 10-15m NO Skull NToF/,3.27,128,128,47.0,"[1.953125, 1.953125]"
233,Glasgow,11,P,True,GE,D690,False,4.0,25.439313945033625,113.0,D:/Hoffman/_Glasgow/NoSkull/UK PET 15-20m NO Skull/,3.27,128,128,47.0,"[1.953125, 1.953125]"
234,Glasgow,12,P,True,GE,D690,False,4.0,25.439313945033625,112.0,D:/Hoffman/_Glasgow/NoSkull/UK PET 15-20m NO Skull NToF/,3.27,128,128,47.0,"[1.953125, 1.953125]"
235,Glasgow,13,P,True,GE,D690,False,5.0,24.648176403765582,115.0,D:/Hoffman/_Glasgow/NoSkull/UK PET 20-25m NO Skull/,3.27,128,128,47.0,"[1.953125, 1.953125]"
236,Glasgow,14,P,True,GE,D690,False,5.0,24.648176403765582,114.0,D:/Hoffman/_Glasgow/NoSkull/UK PET 20-25m NO Skull NToF/,3.27,128,128,47.0,"[1.953125, 1.953125]"
237,Glasgow,15,P,True,GE,D690,False,6.0,23.88164245874845,117.0,D:/Hoffman/_Glasgow/NoSkull/UK PET 25-30m NO Skull/,3.27,128,128,47.0,"[1.953125, 1.953125]"
238,Glasgow,16,P,True,GE,D690,False,6.0,23.88164245874845,116.0,D:/Hoffman/_Glasgow/NoSkull/UK PET 25-30m NO Skull NToF/,3.27,128,128,47.0,"[1.953125, 1.953125]"
239,Glasgow,17,P,True,GE,D690,False,2.0,27.098583990269553,119.0,D:/Hoffman/_Glasgow/NoSkull/UK PET 5-10m NO Skull/,3.27,128,128,47.0,"[1.953125, 1.953125]"
240,Glasgow,18,P,True,GE,D690,False,2.0,27.098583990269553,118.0,D:/Hoffman/_Glasgow/NoSkull/UK PET 5-10m NO Skull NToF/,3.27,128,128,47.0,"[1.953125, 1.953125]"
241,Glasgow,19,P,True,GE,D690,True,1.0,35.558527661697774,120.0,D:/Hoffman/_Glasgow/Skull/Glasgow PET 0-5m Skull/,3.27,256,256,47.0,"[0.9765625, 0.9765625]"
242,Glasgow,20,P,True,GE,D690,True,3.0,33.38124785169242,121.0,D:/Hoffman/_Glasgow/Skull/Glasgow PET 10-15m Skull/,3.27,256,256,47.0,"[0.9765625, 0.9765625]"
243,Glasgow,21,P,True,GE,D690,True,4.0,32.343124008930424,122.0,D:/Hoffman/_Glasgow/Skull/Glasgow PET 15-20m Skull/,3.27,256,256,47.0,"[0.9765625, 0.9765625]"
244,Glasgow,22,P,True,GE,D690,True,5.0,31.337284792486148,123.0,D:/Hoffman/_Glasgow/Skull/Glasgow PET 20-25m Skull/,3.27,256,256,47.0,"[0.9765625, 0.9765625]"
245,Glasgow,23,P,True,GE,D690,True,6.0,30.36272618236357,124.0,D:/Hoffman/_Glasgow/Skull/Glasgow PET 25-30m Skull/,3.27,256,256,47.0,"[0.9765625, 0.9765625]"
246,Glasgow,24,P,True,GE,D690,True,2.0,34.45269256700257,125.0,D:/Hoffman/_Glasgow/Skull/Glasgow PET 5-10m Skull/,3.27,256,256,47.0,"[0.9765625, 0.9765625]"
247,Glasgow,25,P,True,GE,D690,True,1.0,35.558527661697774,127.0,D:/Hoffman/_Glasgow/Skull/UK PET 0-5m Skull/,3.27,128,128,47.0,"[1.953125, 1.953125]"
248,Glasgow,26,P,True,GE,D690,True,1.0,35.558527661697774,126.0,D:/Hoffman/_Glasgow/Skull/UK PET 0-5m Skull NToF/,3.27,128,128,47.0,"[1.953125, 1.953125]"
249,Glasgow,27,P,True,GE,D690,True,3.0,33.38124785169242,128.0,D:/Hoffman/_Glasgow/Skull/UK PET 10-15m Skull/,3.27,128,128,47.0,"[1.953125, 1.953125]"
250,Glasgow,28,P,True,GE,D690,True,4.0,32.343124008930424,130.0,D:/Hoffman/_Glasgow/Skull/UK PET 15-20m Skull/,3.27,128,128,47.0,"[1.953125, 1.953125]"
251,Glasgow,29,P,True,GE,D690,True,4.0,32.343124008930424,129.0,D:/Hoffman/_Glasgow/Skull/UK PET 15-20m Skull NToF/,3.27,128,128,47.0,"[1.953125, 1.953125]"
252,Glasgow,30,P,True,GE,D690,True,5.0,31.337284792486148,132.0,D:/Hoffman/_Glasgow/Skull/UK PET 20-25m Skull/,3.27,128,128,47.0,"[1.953125, 1.953125]"
253,Glasgow,31,P,True,GE,D690,True,5.0,31.337284792486148,131.0,D:/Hoffman/_Glasgow/Skull/UK PET 20-25m Skull NToF/,3.27,128,128,47.0,"[1.953125, 1.953125]"
254,Glasgow,32,P,True,GE,D690,True,6.0,30.36272618236357,134.0,D:/Hoffman/_Glasgow/Skull/UK PET 25-30m Skull/,3.27,128,128,47.0,"[1.953125, 1.953125]"
255,Glasgow,33,P,True,GE,D690,True,6.0,30.36272618236357,133.0,D:/Hoffman/_Glasgow/Skull/UK PET 25-30m Skull NToF/,3.27,128,128,47.0,"[1.953125, 1.953125]"
256,Glasgow,34,P,True,GE,D690,True,2.0,34.45269256700257,136.0,D:/Hoffman/_Glasgow/Skull/UK PET 5-10m Skull/,3.27,128,128,47.0,"[1.953125, 1.953125]"
257,Glasgow,35,P,True,GE,D690,True,2.0,34.45269256700257,135.0,D:/Hoffman/_Glasgow/Skull/UK PET 5-10m Skull NToF/,3.27,128,128,47.0,"[1.953125, 1.953125]"
258,Leeds,01,P,True,GE,D690,False,1.0,22.967299995584238,137.0,D:/Hoffman/_Leeds/Hoffman phantom/NoSkull/#401_6x 5min dynamic/Frame1/,3.27,128,128,47.0,"[1.953125, 1.953125]"
259,Leeds,02,P,True,GE,D690,False,2.0,22.25303964692341,137.0,D:/Hoffman/_Leeds/Hoffman phantom/NoSkull/#401_6x 5min dynamic/Frame2/,3.27,128,128,47.0,"[1.953125, 1.953125]"
260,Leeds,03,P,True,GE,D690,False,3.0,21.560992089742953,137.0,D:/Hoffman/_Leeds/Hoffman phantom/NoSkull/#401_6x 5min dynamic/Frame3/,3.27,128,128,47.0,"[1.953125, 1.953125]"
261,Leeds,04,P,True,GE,D690,False,4.0,20.89046652816392,137.0,D:/Hoffman/_Leeds/Hoffman phantom/NoSkull/#401_6x 5min dynamic/Frame4/,3.27,128,128,47.0,"[1.953125, 1.953125]"
262,Leeds,05,P,True,GE,D690,False,5.0,20.24079364937701,137.0,D:/Hoffman/_Leeds/Hoffman phantom/NoSkull/#401_6x 5min dynamic/Frame5/,3.27,128,128,47.0,"[1.953125, 1.953125]"
263,Leeds,06,P,True,GE,D690,False,6.0,19.61132495554032,137.0,D:/Hoffman/_Leeds/Hoffman phantom/NoSkull/#401_6x 5min dynamic/Frame6/,3.27,128,128,47.0,"[1.953125, 1.953125]"
264,Leeds,07,P,True,GE,D690,False,1.0,22.967299995584238,138.0,D:/Hoffman/_Leeds/Hoffman phantom/NoSkull/#402_6X 5MIN DYN (CLINICAL)/Frame1/,3.27,256,256,47.0,"[1.953125, 1.953125]"
265,Leeds,08,P,True,GE,D690,False,2.0,22.25303964692341,138.0,D:/Hoffman/_Leeds/Hoffman phantom/NoSkull/#402_6X 5MIN DYN (CLINICAL)/Frame2/,3.27,256,256,47.0,"[1.953125, 1.953125]"
266,Leeds,09,P,True,GE,D690,False,3.0,21.560992089742953,138.0,D:/Hoffman/_Leeds/Hoffman phantom/NoSkull/#402_6X 5MIN DYN (CLINICAL)/Frame3/,3.27,256,256,47.0,"[1.953125, 1.953125]"
267,Leeds,10,P,True,GE,D690,False,4.0,20.89046652816392,138.0,D:/Hoffman/_Leeds/Hoffman phantom/NoSkull/#402_6X 5MIN DYN (CLINICAL)/Frame4/,3.27,256,256,47.0,"[1.953125, 1.953125]"
268,Leeds,11,P,True,GE,D690,False,5.0,20.24079364937701,138.0,D:/Hoffman/_Leeds/Hoffman phantom/NoSkull/#402_6X 5MIN DYN (CLINICAL)/Frame5/,3.27,256,256,47.0,"[1.953125, 1.953125]"
269,Leeds,12,P,True,GE,D690,False,6.0,19.61132495554032,138.0,D:/Hoffman/_Leeds/Hoffman phantom/NoSkull/#402_6X 5MIN DYN (CLINICAL)/Frame6/,3.27,256,256,47.0,"[1.953125, 1.953125]"
270,Leeds,13,P,True,GE,D690,True,1.0,17.392765854749236,139.0,D:/Hoffman/_Leeds/Hoffman phantom/Skull/#401_6x 5min dynamic/Frame1/,3.27,128,128,47.0,"[1.953125, 1.953125]"
271,Leeds,14,P,True,GE,D690,True,2.0,16.85186801277487,139.0,D:/Hoffman/_Leeds/Hoffman phantom/Skull/#401_6x 5min dynamic/Frame2/,3.27,128,128,47.0,"[1.953125, 1.953125]"
272,Leeds,15,P,True,GE,D690,True,3.0,16.3277915595259,139.0,D:/Hoffman/_Leeds/Hoffman phantom/Skull/#401_6x 5min dynamic/Frame3/,3.27,128,128,47.0,"[1.953125, 1.953125]"
273,Leeds,16,P,True,GE,D690,True,4.0,15.820013366424815,139.0,D:/Hoffman/_Leeds/Hoffman phantom/Skull/#401_6x 5min dynamic/Frame4/,3.27,128,128,47.0,"[1.953125, 1.953125]"
274,Leeds,17,P,True,GE,D690,True,5.0,15.328026573676253,139.0,D:/Hoffman/_Leeds/Hoffman phantom/Skull/#401_6x 5min dynamic/Frame5/,3.27,128,128,47.0,"[1.953125, 1.953125]"
275,Leeds,18,P,True,GE,D690,True,6.0,14.851340084323938,139.0,D:/Hoffman/_Leeds/Hoffman phantom/Skull/#401_6x 5min dynamic/Frame6/,3.27,128,128,47.0,"[1.953125, 1.953125]"
276,Leeds,19,,,,,,1.0,22.967299995584238,,D:/Hoffman/_Leeds/Hoffman phantom/Skull/#402_6X 5MIN DYN (CLINICAL)/Frame1/,3.27,256,256,47.0,"[1.953125, 1.953125]"
277,Leeds,20,,,,,,2.0,22.25303964692341,,D:/Hoffman/_Leeds/Hoffman phantom/Skull/#402_6X 5MIN DYN (CLINICAL)/Frame2/,3.27,256,256,47.0,"[1.953125, 1.953125]"
278,Leeds,21,,,,,,3.0,21.560992089742953,,D:/Hoffman/_Leeds/Hoffman phantom/Skull/#402_6X 5MIN DYN (CLINICAL)/Frame3/,3.27,256,256,47.0,"[1.953125, 1.953125]"
279,Leeds,22,,,,,,4.0,20.89046652816392,,D:/Hoffman/_Leeds/Hoffman phantom/Skull/#402_6X 5MIN DYN (CLINICAL)/Frame4/,3.27,256,256,47.0,"[1.953125, 1.953125]"
280,Leeds,23,,,,,,5.0,20.24079364937701,,D:/Hoffman/_Leeds/Hoffman phantom/Skull/#402_6X 5MIN DYN (CLINICAL)/Frame5/,3.27,256,256,47.0,"[1.953125, 1.953125]"
281,Leeds,24,,,,,,6.0,19.61132495554032,,D:/Hoffman/_Leeds/Hoffman phantom/Skull/#402_6X 5MIN DYN (CLINICAL)/Frame6/,3.27,256,256,47.0,"[1.953125, 1.953125]"
282,Manchester,01,C,False,SIEMENS,mCT,False,,,141.0,D:/Hoffman/_Manchester/CNMNC_Hoffman_PET_2014_05_30_DRAFT/OUR CT Brain/3001/,4.0,512,512,112.0,"[0.5859375, 0.5859375]"
283,Manchester,02,C,False,SIEMENS,mCT,False,,,142.0,D:/Hoffman/_Manchester/CNMNC_Hoffman_PET_2014_05_30_DRAFT/OUR CT Brain/6001/,4.0,512,512,112.0,"[0.5859375, 0.5859375]"
284,Manchester,03,C,False,SIEMENS,mCT,False,,,143.0,D:/Hoffman/_Manchester/CNMNC_Hoffman_PET_2014_05_30_DRAFT/OUR CT Brain/8001/,4.0,512,512,112.0,"[0.5859375, 0.5859375]"
285,Manchester,04,P,False,SIEMENS,mCT,False,,,144.0,D:/Hoffman/_Manchester/CNMNC_Hoffman_PET_2014_05_30_DRAFT/PET Brain AC HD 400 3mm/Recon1/,2.027,400,400,109.0,"[1.01821, 1.01821]"
286,Manchester,05,P,False,SIEMENS,mCT,False,,,145.0,D:/Hoffman/_Manchester/CNMNC_Hoffman_PET_2014_05_30_DRAFT/PET Brain AC HD 400 3mm/Recon2/,2.027,128,128,109.0,"[3.1819, 3.1819]"
287,Manchester,06,P,False,SIEMENS,mCT,False,,,146.0,D:/Hoffman/_Manchester/CNMNC_Hoffman_PET_2014_05_30_DRAFT/PET Brain AC HD 400 3mm/Recon3/,2.027,400,400,109.0,"[1.01821, 1.01821]"
288,Manchester,07,P,False,SIEMENS,mCT,False,,,147.0,D:/Hoffman/_Manchester/CNMNC_Hoffman_PET_2014_05_30_DRAFT/PET Brain AC HD 400 3mm/Recon4/,2.027,128,128,109.0,"[3.1819, 3.1819]"
289,Manchester,08,P,False,SIEMENS,mCT,False,,,148.0,D:/Hoffman/_Manchester/CNMNC_Hoffman_PET_2014_05_30_DRAFT/PET Brain NAC HD 400 3mm/1/,2.027,400,400,109.0,"[1.01821, 1.01821]"
290,Manchester,09,P,False,SIEMENS,mCT,False,,,149.0,D:/Hoffman/_Manchester/CNMNC_Hoffman_PET_2014_05_30_DRAFT/PET Brain NAC HD 400 3mm/2/,2.027,128,128,109.0,"[3.1819, 3.1819]"
291,Manchester,10,P,False,SIEMENS,mCT,False,,,150.0,D:/Hoffman/_Manchester/CNMNC_Hoffman_PET_2014_05_30_DRAFT/PET Brain NAC HD 400 3mm/3/,2.027,400,400,109.0,"[1.01821, 1.01821]"
292,Manchester,11,P,False,SIEMENS,mCT,False,,,151.0,D:/Hoffman/_Manchester/CNMNC_Hoffman_PET_2014_05_30_DRAFT/PET Brain NAC HD 400 3mm/4/,2.027,128,128,109.0,"[3.1819, 3.1819]"
293,Manchester,12,C,False,SIEMENS,mCT,False,,,152.0,D:/Hoffman/_Manchester/CNMNC_Hoffman_PET_2014_05_30_DRAFT/STD CT Brain/4001/,3.0,512,512,75.0,"[0.5859375, 0.5859375]"
294,Manchester,13,C,False,SIEMENS,mCT,False,,,153.0,D:/Hoffman/_Manchester/CNMNC_Hoffman_PET_2014_05_30_DRAFT/STD CT Brain/9001/,3.0,512,512,75.0,"[0.5859375, 0.5859375]"
295,N-Staffs,01,P,True,SIEMENS,mCT,True,,,158.0,D:/Hoffman/_N-Staffs/DICOM/20140408/#4_PET Brain  & Skull/,3.0,400,400,74.0,"[1.01821, 1.01821]"
296,N-Staffs,02,P,True,SIEMENS,mCT,True,1.0,38.08252208442374,158.0,D:/Hoffman/_N-Staffs/DICOM/20140408/#4_PET Brain  & Skull/Frame1/,3.0,400,400,74.0,"[1.01821, 1.01821]"
297,N-Staffs,03,P,True,SIEMENS,mCT,True,2.0,36.89819325573539,158.0,D:/Hoffman/_N-Staffs/DICOM/20140408/#4_PET Brain  & Skull/Frame2/,3.0,400,400,74.0,"[1.01821, 1.01821]"
298,N-Staffs,04,P,True,SIEMENS,mCT,True,3.0,35.750695884043324,158.0,D:/Hoffman/_N-Staffs/DICOM/20140408/#4_PET Brain  & Skull/Frame3/,3.0,400,400,74.0,"[1.01821, 1.01821]"
299,N-Staffs,05,P,True,SIEMENS,mCT,True,4.0,34.6388845474076,158.0,D:/Hoffman/_N-Staffs/DICOM/20140408/#4_PET Brain  & Skull/Frame4/,3.0,400,400,74.0,"[1.01821, 1.01821]"
300,N-Staffs,06,P,True,SIEMENS,mCT,True,5.0,33.56164944537948,158.0,D:/Hoffman/_N-Staffs/DICOM/20140408/#4_PET Brain  & Skull/Frame5/,3.0,400,400,74.0,"[1.01821, 1.01821]"
301,N-Staffs,07,P,True,SIEMENS,mCT,True,6.0,32.5179152912082,158.0,D:/Hoffman/_N-Staffs/DICOM/20140408/#4_PET Brain  & Skull/Frame6/,3.0,400,400,74.0,"[1.01821, 1.01821]"
302,N-Staffs,08,P,True,SIEMENS,mCT,False,1.0,47.20910775645924,160.0,D:/Hoffman/_N-Staffs/DICOM/20140408/#5_PET Brain/Frame1/,3.0,400,400,74.0,"[1.01821, 1.01821]"
303,N-Staffs,09,P,True,SIEMENS,mCT,False,2.0,45.74095112626856,160.0,D:/Hoffman/_N-Staffs/DICOM/20140408/#5_PET Brain/Frame2/,3.0,400,400,74.0,"[1.01821, 1.01821]"
304,N-Staffs,10,P,True,SIEMENS,mCT,False,3.0,44.31845271740867,160.0,D:/Hoffman/_N-Staffs/DICOM/20140408/#5_PET Brain/Frame3/,3.0,400,400,74.0,"[1.01821, 1.01821]"
305,N-Staffs,11,P,True,SIEMENS,mCT,False,4.0,42.94019260428562,160.0,D:/Hoffman/_N-Staffs/DICOM/20140408/#5_PET Brain/Frame4/,3.0,400,400,74.0,"[1.01821, 1.01821]"
306,N-Staffs,12,P,True,SIEMENS,mCT,False,5.0,41.60479501958925,160.0,D:/Hoffman/_N-Staffs/DICOM/20140408/#5_PET Brain/Frame5/,3.0,400,400,74.0,"[1.01821, 1.01821]"
307,N-Staffs,13,P,True,SIEMENS,mCT,False,6.0,40.31092698101408,160.0,D:/Hoffman/_N-Staffs/DICOM/20140408/#5_PET Brain/Frame6/,3.0,400,400,74.0,"[1.01821, 1.01821]"
308,N-Staffs,14,P,True,SIEMENS,mCT,True,1.0,38.08252208442374,159.0,D:/Hoffman/_N-Staffs/DICOM/20140408/#5_PET Brain OSEM  & Skull/Frame1/,3.0,128,128,74.0,"[1.98869, 1.98869]"
309,N-Staffs,15,P,True,SIEMENS,mCT,True,2.0,36.89819325573539,159.0,D:/Hoffman/_N-Staffs/DICOM/20140408/#5_PET Brain OSEM  & Skull/Frame2/,3.0,128,128,74.0,"[1.98869, 1.98869]"
310,N-Staffs,16,P,True,SIEMENS,mCT,True,3.0,35.750695884043324,159.0,D:/Hoffman/_N-Staffs/DICOM/20140408/#5_PET Brain OSEM  & Skull/Frame3/,3.0,128,128,74.0,"[1.98869, 1.98869]"
311,N-Staffs,17,P,True,SIEMENS,mCT,True,4.0,34.6388845474076,159.0,D:/Hoffman/_N-Staffs/DICOM/20140408/#5_PET Brain OSEM  & Skull/Frame4/,3.0,128,128,74.0,"[1.98869, 1.98869]"
312,N-Staffs,18,P,True,SIEMENS,mCT,True,5.0,33.56164944537948,159.0,D:/Hoffman/_N-Staffs/DICOM/20140408/#5_PET Brain OSEM  & Skull/Frame5/,3.0,128,128,74.0,"[1.98869, 1.98869]"
313,N-Staffs,19,P,True,SIEMENS,mCT,True,6.0,32.5179152912082,159.0,D:/Hoffman/_N-Staffs/DICOM/20140408/#5_PET Brain OSEM  & Skull/Frame6/,3.0,128,128,74.0,"[1.98869, 1.98869]"
314,N-Staffs,20,P,True,SIEMENS,mCT,False,1.0,47.20910775645924,161.0,D:/Hoffman/_N-Staffs/DICOM/20140408/#6_PET Brain OSEM/Frame1/,3.0,128,128,74.0,"[1.98869, 1.98869]"
315,N-Staffs,21,P,True,SIEMENS,mCT,False,2.0,45.74095112626856,161.0,D:/Hoffman/_N-Staffs/DICOM/20140408/#6_PET Brain OSEM/Frame2/,3.0,128,128,74.0,"[1.98869, 1.98869]"
316,N-Staffs,22,P,True,SIEMENS,mCT,False,3.0,44.31845271740867,161.0,D:/Hoffman/_N-Staffs/DICOM/20140408/#6_PET Brain OSEM/Frame3/,3.0,128,128,74.0,"[1.98869, 1.98869]"
317,N-Staffs,23,P,True,SIEMENS,mCT,False,4.0,42.94019260428562,161.0,D:/Hoffman/_N-Staffs/DICOM/20140408/#6_PET Brain OSEM/Frame4/,3.0,128,128,74.0,"[1.98869, 1.98869]"
318,N-Staffs,24,P,True,SIEMENS,mCT,False,5.0,41.60479501958925,161.0,D:/Hoffman/_N-Staffs/DICOM/20140408/#6_PET Brain OSEM/Frame5/,3.0,128,128,74.0,"[1.98869, 1.98869]"
319,N-Staffs,25,P,True,SIEMENS,mCT,False,6.0,40.31092698101408,161.0,D:/Hoffman/_N-Staffs/DICOM/20140408/#6_PET Brain OSEM/Frame6/,3.0,128,128,74.0,"[1.98869, 1.98869]"
320,Newcastle,01,P,True,SIEMENS,TrueV,False,1.0,49.650865050356494,154.0,D:/Hoffman/_Newcastle/Local_Dynamic/Frame1/,3.0,168,168,148.0,"[2.03642, 2.03642]"
321,Newcastle,02,P,True,SIEMENS,TrueV,False,2.0,48.10677217966652,154.0,D:/Hoffman/_Newcastle/Local_Dynamic/Frame2/,3.0,168,168,148.0,"[2.03642, 2.03642]"
322,Newcastle,03,P,True,SIEMENS,TrueV,False,3.0,46.610699072396535,154.0,D:/Hoffman/_Newcastle/Local_Dynamic/Frame3/,3.0,168,168,148.0,"[2.03642, 2.03642]"
323,Newcastle,04,P,True,SIEMENS,TrueV,False,4.0,45.161152361325755,154.0,D:/Hoffman/_Newcastle/Local_Dynamic/Frame4/,3.0,168,168,148.0,"[2.03642, 2.03642]"
324,Newcastle,05,P,True,SIEMENS,TrueV,False,5.0,43.75668512147923,154.0,D:/Hoffman/_Newcastle/Local_Dynamic/Frame5/,3.0,168,168,148.0,"[2.03642, 2.03642]"
325,Newcastle,06,P,True,SIEMENS,TrueV,False,6.0,42.3958954258198,154.0,D:/Hoffman/_Newcastle/Local_Dynamic/Frame6/,3.0,168,168,148.0,"[2.03642, 2.03642]"
326,Newcastle,07,P,False,SIEMENS,TrueV,False,,,155.0,D:/Hoffman/_Newcastle/Sum/,3.0,168,168,148.0,"[2.03642, 2.03642]"
327,Newcastle,08,P,True,SIEMENS,TrueV,False,1.0,49.650865050356494,156.0,D:/Hoffman/_Newcastle/UK AC PET/Frame1/,3.0,128,128,148.0,"[1.97985, 1.97985]"
328,Newcastle,09,P,True,SIEMENS,TrueV,False,2.0,48.10677217966652,156.0,D:/Hoffman/_Newcastle/UK AC PET/Frame2/,3.0,128,128,148.0,"[1.97985, 1.97985]"
329,Newcastle,10,P,True,SIEMENS,TrueV,False,3.0,46.610699072396535,156.0,D:/Hoffman/_Newcastle/UK AC PET/Frame3/,3.0,128,128,148.0,"[1.97985, 1.97985]"
330,Newcastle,11,P,True,SIEMENS,TrueV,False,4.0,45.161152361325755,156.0,D:/Hoffman/_Newcastle/UK AC PET/Frame4/,3.0,128,128,148.0,"[1.97985, 1.97985]"
331,Newcastle,12,P,True,SIEMENS,TrueV,False,5.0,43.75668512147923,156.0,D:/Hoffman/_Newcastle/UK AC PET/Frame5/,3.0,128,128,148.0,"[1.97985, 1.97985]"
332,Newcastle,13,P,True,SIEMENS,TrueV,False,6.0,42.3958954258198,156.0,D:/Hoffman/_Newcastle/UK AC PET/Frame6/,3.0,128,128,148.0,"[1.97985, 1.97985]"
333,RoyalSurrey,01,P,True,SIEMENS,mCT,False,1.0,23.49191168099521,162.0,D:/Hoffman/_RoyalSurrey/withoutSkull/PET_BRAIN_LOCALPETTOURCT_0013/Frame1/,3.0,400,400,74.0,"[1.01821, 1.01821]"
334,RoyalSurrey,02,P,True,SIEMENS,mCT,False,2.0,22.76133642699482,162.0,D:/Hoffman/_RoyalSurrey/withoutSkull/PET_BRAIN_LOCALPETTOURCT_0013/Frame2/,3.0,400,400,74.0,"[1.01821, 1.01821]"
335,RoyalSurrey,03,P,True,SIEMENS,mCT,False,3.0,22.05348134191919,162.0,D:/Hoffman/_RoyalSurrey/withoutSkull/PET_BRAIN_LOCALPETTOURCT_0013/Frame3/,3.0,400,400,74.0,"[1.01821, 1.01821]"
336,RoyalSurrey,04,P,True,SIEMENS,mCT,False,4.0,21.36763985095191,162.0,D:/Hoffman/_RoyalSurrey/withoutSkull/PET_BRAIN_LOCALPETTOURCT_0013/Frame4/,3.0,400,400,74.0,"[1.01821, 1.01821]"
337,RoyalSurrey,05,P,True,SIEMENS,mCT,False,5.0,20.703127353055585,162.0,D:/Hoffman/_RoyalSurrey/withoutSkull/PET_BRAIN_LOCALPETTOURCT_0013/Frame5/,3.0,400,400,74.0,"[1.01821, 1.01821]"
338,RoyalSurrey,06,P,True,SIEMENS,mCT,False,6.0,20.059280537609013,162.0,D:/Hoffman/_RoyalSurrey/withoutSkull/PET_BRAIN_LOCALPETTOURCT_0013/Frame6/,3.0,400,400,74.0,"[1.01821, 1.01821]"
339,RoyalSurrey,07,P,True,SIEMENS,mCT,False,1.0,23.49191168099521,163.0,D:/Hoffman/_RoyalSurrey/withoutSkull/PET_BRAIN_TOURPETTOURCT_0011/Frame1/,3.0,400,400,74.0,"[2.03642, 2.03642]"
340,RoyalSurrey,08,P,True,SIEMENS,mCT,False,2.0,22.76133642699482,163.0,D:/Hoffman/_RoyalSurrey/withoutSkull/PET_BRAIN_TOURPETTOURCT_0011/Frame2/,3.0,400,400,74.0,"[2.03642, 2.03642]"
341,RoyalSurrey,09,P,True,SIEMENS,mCT,False,3.0,22.05348134191919,163.0,D:/Hoffman/_RoyalSurrey/withoutSkull/PET_BRAIN_TOURPETTOURCT_0011/Frame3/,3.0,400,400,74.0,"[2.03642, 2.03642]"
342,RoyalSurrey,10,P,True,SIEMENS,mCT,False,4.0,21.36763985095191,163.0,D:/Hoffman/_RoyalSurrey/withoutSkull/PET_BRAIN_TOURPETTOURCT_0011/Frame4/,3.0,400,400,74.0,"[2.03642, 2.03642]"
343,RoyalSurrey,11,P,True,SIEMENS,mCT,False,5.0,20.703127353055585,163.0,D:/Hoffman/_RoyalSurrey/withoutSkull/PET_BRAIN_TOURPETTOURCT_0011/Frame5/,3.0,400,400,74.0,"[2.03642, 2.03642]"
344,RoyalSurrey,12,P,True,SIEMENS,mCT,False,6.0,20.059280537609013,163.0,D:/Hoffman/_RoyalSurrey/withoutSkull/PET_BRAIN_TOURPETTOURCT_0011/Frame6/,3.0,400,400,74.0,"[2.03642, 2.03642]"
345,RoyalSurrey,13,P,True,SIEMENS,mCT,False,,,163.0,D:/Hoffman/_RoyalSurrey/withoutSkull/PET_BRAIN_TOURPETTOURCT_0011_cropped/,,128,128,444.0,
346,RoyalSurrey,14,P,True,SIEMENS,mCT,True,1.0,32.01697180622197,165.0,D:/Hoffman/_RoyalSurrey/withSkull/PET_BRAIN_LOCALPETTOURCT_0015/Frame1/,3.0,400,400,74.0,"[1.01821, 1.01821]"
347,RoyalSurrey,15,P,True,SIEMENS,mCT,True,2.0,31.02127560119252,165.0,D:/Hoffman/_RoyalSurrey/withSkull/PET_BRAIN_LOCALPETTOURCT_0015/Frame2/,3.0,400,400,74.0,"[1.01821, 1.01821]"
348,RoyalSurrey,16,P,True,SIEMENS,mCT,True,3.0,30.056544564846433,165.0,D:/Hoffman/_RoyalSurrey/withSkull/PET_BRAIN_LOCALPETTOURCT_0015/Frame3/,3.0,400,400,74.0,"[1.01821, 1.01821]"
349,RoyalSurrey,17,P,True,SIEMENS,mCT,True,4.0,29.121815711017096,165.0,D:/Hoffman/_RoyalSurrey/withSkull/PET_BRAIN_LOCALPETTOURCT_0015/Frame4/,3.0,400,400,74.0,"[1.01821, 1.01821]"
350,RoyalSurrey,18,P,True,SIEMENS,mCT,True,5.0,28.216156001456692,165.0,D:/Hoffman/_RoyalSurrey/withSkull/PET_BRAIN_LOCALPETTOURCT_0015/Frame5/,3.0,400,400,74.0,"[1.01821, 1.01821]"
351,RoyalSurrey,19,P,True,SIEMENS,mCT,True,6.0,27.338661414485493,165.0,D:/Hoffman/_RoyalSurrey/withSkull/PET_BRAIN_LOCALPETTOURCT_0015/Frame6/,3.0,400,400,74.0,"[1.01821, 1.01821]"
352,RoyalSurrey,20,P,True,SIEMENS,mCT,True,2.0,31.02127560119252,166.0,D:/Hoffman/_RoyalSurrey/withSkull/PET_BRAIN_TOURPETTOURCT_0017/Frame2/,3.0,400,400,74.0,"[2.03642, 2.03642]"
353,RoyalSurrey,21,P,True,SIEMENS,mCT,True,3.0,30.056544564846433,166.0,D:/Hoffman/_RoyalSurrey/withSkull/PET_BRAIN_TOURPETTOURCT_0017/Frame3/,3.0,400,400,74.0,"[2.03642, 2.03642]"
354,RoyalSurrey,22,P,True,SIEMENS,mCT,True,4.0,29.121815711017096,166.0,D:/Hoffman/_RoyalSurrey/withSkull/PET_BRAIN_TOURPETTOURCT_0017/Frame4/,3.0,400,400,74.0,"[2.03642, 2.03642]"
355,RoyalSurrey,23,P,True,SIEMENS,mCT,True,5.0,28.216156001456692,166.0,D:/Hoffman/_RoyalSurrey/withSkull/PET_BRAIN_TOURPETTOURCT_0017/Frame5/,3.0,400,400,74.0,"[2.03642, 2.03642]"
356,RoyalSurrey,24,P,True,SIEMENS,mCT,True,6.0,27.338661414485493,166.0,D:/Hoffman/_RoyalSurrey/withSkull/PET_BRAIN_TOURPETTOURCT_0017/Frame6/,3.0,400,400,74.0,"[2.03642, 2.03642]"
357,RoyalSurrey,25,P,True,SIEMENS,mCT,True,,,166.0,D:/Hoffman/_RoyalSurrey/withSkull/PET_BRAIN_TOURPETTOURCT_0017_cropped/,,128,128,444.0,
358,Sheffield,01,P,True,PHILIPS,Gemini TF 64,False,1.0,38.0372550546577,168.0,D:/Hoffman/_Sheffield/sheffield_hoffman/PET_noskull/S888101/Frame1/,2.0,128,128,90.0,"[2.000000, 2.000000]"
359,Sheffield,02,P,True,PHILIPS,Gemini TF 64,False,2.0,36.85433398589192,168.0,D:/Hoffman/_Sheffield/sheffield_hoffman/PET_noskull/S888101/Frame2/,2.0,128,128,90.0,"[2.000000, 2.000000]"
360,Sheffield,03,P,True,PHILIPS,Gemini TF 64,False,3.0,35.708200594179054,168.0,D:/Hoffman/_Sheffield/sheffield_hoffman/PET_noskull/S888101/Frame3/,2.0,128,128,90.0,"[2.000000, 2.000000]"
361,Sheffield,04,P,True,PHILIPS,Gemini TF 64,False,4.0,34.59771081909218,168.0,D:/Hoffman/_Sheffield/sheffield_hoffman/PET_noskull/S888101/Frame4/,2.0,128,128,90.0,"[2.000000, 2.000000]"
362,Sheffield,05,P,True,PHILIPS,Gemini TF 64,False,5.0,33.52175617935384,168.0,D:/Hoffman/_Sheffield/sheffield_hoffman/PET_noskull/S888101/Frame5/,2.0,128,128,90.0,"[2.000000, 2.000000]"
363,Sheffield,06,P,True,PHILIPS,Gemini TF 64,False,6.0,32.479262666359624,168.0,D:/Hoffman/_Sheffield/sheffield_hoffman/PET_noskull/S888101/Frame6/,2.0,128,128,90.0,"[2.000000, 2.000000]"
364,Sheffield,07,P,True,PHILIPS,Gemini TF 64,False,1.0,38.0372550546577,169.0,D:/Hoffman/_Sheffield/sheffield_hoffman/PET_noskull/S907700/Frame1/,2.0,128,128,90.0,"[2.000000, 2.000000]"
365,Sheffield,08,P,True,PHILIPS,Gemini TF 64,False,2.0,36.85433398589192,169.0,D:/Hoffman/_Sheffield/sheffield_hoffman/PET_noskull/S907700/Frame2/,2.0,128,128,90.0,"[2.000000, 2.000000]"
366,Sheffield,09,P,True,PHILIPS,Gemini TF 64,False,3.0,35.708200594179054,169.0,D:/Hoffman/_Sheffield/sheffield_hoffman/PET_noskull/S907700/Frame3/,2.0,128,128,90.0,"[2.000000, 2.000000]"
367,Sheffield,10,P,True,PHILIPS,Gemini TF 64,False,4.0,34.59771081909218,169.0,D:/Hoffman/_Sheffield/sheffield_hoffman/PET_noskull/S907700/Frame4/,2.0,128,128,90.0,"[2.000000, 2.000000]"
368,Sheffield,11,P,True,PHILIPS,Gemini TF 64,False,5.0,33.52175617935384,169.0,D:/Hoffman/_Sheffield/sheffield_hoffman/PET_noskull/S907700/Frame5/,2.0,128,128,90.0,"[2.000000, 2.000000]"
369,Sheffield,12,P,True,PHILIPS,Gemini TF 64,False,6.0,32.479262666359624,169.0,D:/Hoffman/_Sheffield/sheffield_hoffman/PET_noskull/S907700/Frame6/,2.0,128,128,90.0,"[2.000000, 2.000000]"
370,Sheffield,13,P,True,PHILIPS,Gemini TF 64,True,1.0,26.701670508398298,170.0,D:/Hoffman/_Sheffield/sheffield_hoffman/PET_withskull/S12220/Frame1/,2.0,128,128,90.0,"[2.000000, 2.000000]"
371,Sheffield,14,P,True,PHILIPS,Gemini TF 64,True,2.0,25.871274924641305,170.0,D:/Hoffman/_Sheffield/sheffield_hoffman/PET_withskull/S12220/Frame2/,2.0,128,128,90.0,"[2.000000, 2.000000]"
372,Sheffield,15,P,True,PHILIPS,Gemini TF 64,True,3.0,25.066703823487607,170.0,D:/Hoffman/_Sheffield/sheffield_hoffman/PET_withskull/S12220/Frame3/,2.0,128,128,90.0,"[2.000000, 2.000000]"
373,Sheffield,16,P,True,PHILIPS,Gemini TF 64,True,4.0,24.28715408903104,170.0,D:/Hoffman/_Sheffield/sheffield_hoffman/PET_withskull/S12220/Frame4/,2.0,128,128,90.0,"[2.000000, 2.000000]"
374,Sheffield,17,P,True,PHILIPS,Gemini TF 64,True,5.0,23.531847581477003,170.0,D:/Hoffman/_Sheffield/sheffield_hoffman/PET_withskull/S12220/Frame5/,2.0,128,128,90.0,"[2.000000, 2.000000]"
375,Sheffield,18,P,True,PHILIPS,Gemini TF 64,True,6.0,22.80003036041006,170.0,D:/Hoffman/_Sheffield/sheffield_hoffman/PET_withskull/S12220/Frame6/,2.0,128,128,90.0,"[2.000000, 2.000000]"
376,Sheffield,19,P,True,PHILIPS,Gemini TF 64,True,1.0,26.701670508398298,171.0,D:/Hoffman/_Sheffield/sheffield_hoffman/PET_withskull/S12420/Frame1/,2.0,128,128,90.0,"[2.000000, 2.000000]"
377,Sheffield,20,P,True,PHILIPS,Gemini TF 64,True,2.0,25.871274924641305,171.0,D:/Hoffman/_Sheffield/sheffield_hoffman/PET_withskull/S12420/Frame2/,2.0,128,128,90.0,"[2.000000, 2.000000]"
378,Sheffield,21,P,True,PHILIPS,Gemini TF 64,True,3.0,25.066703823487607,171.0,D:/Hoffman/_Sheffield/sheffield_hoffman/PET_withskull/S12420/Frame3/,2.0,128,128,90.0,"[2.000000, 2.000000]"
379,Sheffield,22,P,True,PHILIPS,Gemini TF 64,True,4.0,24.28715408903104,171.0,D:/Hoffman/_Sheffield/sheffield_hoffman/PET_withskull/S12420/Frame4/,2.0,128,128,90.0,"[2.000000, 2.000000]"
380,Sheffield,23,P,True,PHILIPS,Gemini TF 64,True,5.0,23.531847581477003,171.0,D:/Hoffman/_Sheffield/sheffield_hoffman/PET_withskull/S12420/Frame5/,2.0,128,128,90.0,"[2.000000, 2.000000]"
381,Sheffield,24,P,True,PHILIPS,Gemini TF 64,True,6.0,22.80003036041006,171.0,D:/Hoffman/_Sheffield/sheffield_hoffman/PET_withskull/S12420/Frame6/,2.0,128,128,90.0,"[2.000000, 2.000000]"
382,StThomas,01,P,True,GE,D710,False,1.0,45.18801840242475,172.0,D:/Hoffman/_StThomas/D5_HOFFMAN_NOSKULL/D5HOFFMANNOSKULLVPHDDYN_Std/Frame1/,3.27,128,128,47.0,"[1.953125, 1.953125]"
383,StThomas,02,P,True,GE,D710,False,2.0,43.78271565523142,172.0,D:/Hoffman/_StThomas/D5_HOFFMAN_NOSKULL/D5HOFFMANNOSKULLVPHDDYN_Std/Frame2/,3.27,128,128,47.0,"[1.953125, 1.953125]"
384,StThomas,03,P,True,GE,D710,False,3.0,42.42111643567858,172.0,D:/Hoffman/_StThomas/D5_HOFFMAN_NOSKULL/D5HOFFMANNOSKULLVPHDDYN_Std/Frame3/,3.27,128,128,47.0,"[1.953125, 1.953125]"
385,StThomas,04,P,True,GE,D710,False,4.0,41.10186160721572,172.0,D:/Hoffman/_StThomas/D5_HOFFMAN_NOSKULL/D5HOFFMANNOSKULLVPHDDYN_Std/Frame4/,3.27,128,128,47.0,"[1.953125, 1.953125]"
386,StThomas,05,P,True,GE,D710,False,5.0,39.823634301096874,172.0,D:/Hoffman/_StThomas/D5_HOFFMAN_NOSKULL/D5HOFFMANNOSKULLVPHDDYN_Std/Frame5/,3.27,128,128,47.0,"[1.953125, 1.953125]"
387,StThomas,06,P,True,GE,D710,False,6.0,38.58515860189359,172.0,D:/Hoffman/_StThomas/D5_HOFFMAN_NOSKULL/D5HOFFMANNOSKULLVPHDDYN_Std/Frame6/,3.27,128,128,47.0,"[1.953125, 1.953125]"
388,StThomas,07,P,True,GE,D710,False,1.0,45.18801840242475,173.0,D:/Hoffman/_StThomas/D5_HOFFMAN_NOSKULL/D5PETFDGBRAINVPFXDYN/Frame1/,3.27,128,128,47.0,"[1.953125, 1.953125]"
389,StThomas,08,P,True,GE,D710,False,2.0,43.78271565523142,173.0,D:/Hoffman/_StThomas/D5_HOFFMAN_NOSKULL/D5PETFDGBRAINVPFXDYN/Frame2/,3.27,128,128,47.0,"[1.953125, 1.953125]"
390,StThomas,09,P,True,GE,D710,False,3.0,42.42111643567858,173.0,D:/Hoffman/_StThomas/D5_HOFFMAN_NOSKULL/D5PETFDGBRAINVPFXDYN/Frame3/,3.27,128,128,47.0,"[1.953125, 1.953125]"
391,StThomas,10,P,True,GE,D710,False,4.0,41.10186160721572,173.0,D:/Hoffman/_StThomas/D5_HOFFMAN_NOSKULL/D5PETFDGBRAINVPFXDYN/Frame4/,3.27,128,128,47.0,"[1.953125, 1.953125]"
392,StThomas,11,P,True,GE,D710,False,5.0,39.823634301096874,173.0,D:/Hoffman/_StThomas/D5_HOFFMAN_NOSKULL/D5PETFDGBRAINVPFXDYN/Frame5/,3.27,128,128,47.0,"[1.953125, 1.953125]"
393,StThomas,12,P,True,GE,D710,False,6.0,38.58515860189359,173.0,D:/Hoffman/_StThomas/D5_HOFFMAN_NOSKULL/D5PETFDGBRAINVPFXDYN/Frame6/,3.27,128,128,47.0,"[1.953125, 1.953125]"
394,StThomas,13,P,True,GE,D710,False,1.0,45.18801840242475,173.0,D:/Hoffman/_StThomas/D5_HOFFMAN_NOSKULL/D5PETFDGBRAINVPFXDYN_Extra/Frame1/,3.27,128,128,47.0,"[1.953125, 1.953125]"
395,StThomas,14,P,True,GE,D710,False,2.0,43.78271565523142,173.0,D:/Hoffman/_StThomas/D5_HOFFMAN_NOSKULL/D5PETFDGBRAINVPFXDYN_Extra/Frame2/,3.27,128,128,47.0,"[1.953125, 1.953125]"
396,StThomas,15,P,True,GE,D710,False,3.0,42.42111643567858,173.0,D:/Hoffman/_StThomas/D5_HOFFMAN_NOSKULL/D5PETFDGBRAINVPFXDYN_Extra/Frame3/,3.27,128,128,47.0,"[1.953125, 1.953125]"
397,StThomas,16,P,True,GE,D710,False,4.0,41.10186160721572,173.0,D:/Hoffman/_StThomas/D5_HOFFMAN_NOSKULL/D5PETFDGBRAINVPFXDYN_Extra/Frame4/,3.27,128,128,47.0,"[1.953125, 1.953125]"
398,StThomas,17,P,True,GE,D710,False,5.0,39.823634301096874,173.0,D:/Hoffman/_StThomas/D5_HOFFMAN_NOSKULL/D5PETFDGBRAINVPFXDYN_Extra/Frame5/,3.27,128,128,47.0,"[1.953125, 1.953125]"
399,StThomas,18,P,True,GE,D710,False,6.0,38.58515860189359,173.0,D:/Hoffman/_StThomas/D5_HOFFMAN_NOSKULL/D5PETFDGBRAINVPFXDYN_Extra/Frame6/,3.27,128,128,47.0,"[1.953125, 1.953125]"
400,StThomas,19,P,True,GE,D710,False,1.0,45.18801840242475,175.0,D:/Hoffman/_StThomas/D5_HOFFMAN_NOSKULL/D5PETFDGBRAINVPFXSDYN/Frame1/,3.27,256,256,47.0,"[0.9765625, 0.9765625]"
401,StThomas,20,P,True,GE,D710,False,2.0,43.78271565523142,175.0,D:/Hoffman/_StThomas/D5_HOFFMAN_NOSKULL/D5PETFDGBRAINVPFXSDYN/Frame2/,3.27,256,256,47.0,"[0.9765625, 0.9765625]"
402,StThomas,21,P,True,GE,D710,False,3.0,42.42111643567858,175.0,D:/Hoffman/_StThomas/D5_HOFFMAN_NOSKULL/D5PETFDGBRAINVPFXSDYN/Frame3/,3.27,256,256,47.0,"[0.9765625, 0.9765625]"
403,StThomas,22,P,True,GE,D710,False,4.0,41.10186160721572,175.0,D:/Hoffman/_StThomas/D5_HOFFMAN_NOSKULL/D5PETFDGBRAINVPFXSDYN/Frame4/,3.27,256,256,47.0,"[0.9765625, 0.9765625]"
404,StThomas,23,P,True,GE,D710,False,5.0,39.823634301096874,175.0,D:/Hoffman/_StThomas/D5_HOFFMAN_NOSKULL/D5PETFDGBRAINVPFXSDYN/Frame5/,3.27,256,256,47.0,"[0.9765625, 0.9765625]"
405,StThomas,24,P,True,GE,D710,False,6.0,38.58515860189359,175.0,D:/Hoffman/_StThomas/D5_HOFFMAN_NOSKULL/D5PETFDGBRAINVPFXSDYN/Frame6/,3.27,256,256,47.0,"[0.9765625, 0.9765625]"
406,StThomas,25,P,True,GE,D710,False,1.0,45.18801840242475,175.0,D:/Hoffman/_StThomas/D5_HOFFMAN_NOSKULL/D5PETFDGBRAINVPFXSDYN_Local/Frame1/,3.27,256,256,47.0,"[0.9765625, 0.9765625]"
407,StThomas,26,P,True,GE,D710,False,2.0,43.78271565523142,175.0,D:/Hoffman/_StThomas/D5_HOFFMAN_NOSKULL/D5PETFDGBRAINVPFXSDYN_Local/Frame2/,3.27,256,256,47.0,"[0.9765625, 0.9765625]"
408,StThomas,27,P,True,GE,D710,False,3.0,42.42111643567858,175.0,D:/Hoffman/_StThomas/D5_HOFFMAN_NOSKULL/D5PETFDGBRAINVPFXSDYN_Local/Frame3/,3.27,256,256,47.0,"[0.9765625, 0.9765625]"
409,StThomas,28,P,True,GE,D710,False,4.0,41.10186160721572,175.0,D:/Hoffman/_StThomas/D5_HOFFMAN_NOSKULL/D5PETFDGBRAINVPFXSDYN_Local/Frame4/,3.27,256,256,47.0,"[0.9765625, 0.9765625]"
410,StThomas,29,P,True,GE,D710,False,5.0,39.823634301096874,175.0,D:/Hoffman/_StThomas/D5_HOFFMAN_NOSKULL/D5PETFDGBRAINVPFXSDYN_Local/Frame5/,3.27,256,256,47.0,"[0.9765625, 0.9765625]"
411,StThomas,30,P,True,GE,D710,False,6.0,38.58515860189359,175.0,D:/Hoffman/_StThomas/D5_HOFFMAN_NOSKULL/D5PETFDGBRAINVPFXSDYN_Local/Frame6/,3.27,256,256,47.0,"[0.9765625, 0.9765625]"
412,StThomas,31,P,True,GE,D710,True,1.0,35.09606982151711,177.0,D:/Hoffman/_StThomas/D5_HOFFMAN_SKULL/D5HOFFMAN_SKULLVPHDDYN_Std/Frame1/,3.27,128,128,47.0,"[1.953125, 1.953125]"
413,StThomas,32,P,True,GE,D710,True,2.0,34.004616708954416,177.0,D:/Hoffman/_StThomas/D5_HOFFMAN_SKULL/D5HOFFMAN_SKULLVPHDDYN_Std/Frame2/,3.27,128,128,47.0,"[1.953125, 1.953125]"
414,StThomas,33,P,True,GE,D710,True,3.0,32.94710671033528,177.0,D:/Hoffman/_StThomas/D5_HOFFMAN_SKULL/D5HOFFMAN_SKULLVPHDDYN_Std/Frame3/,3.27,128,128,47.0,"[1.953125, 1.953125]"
415,StThomas,34,P,True,GE,D710,True,4.0,31.92248422833634,177.0,D:/Hoffman/_StThomas/D5_HOFFMAN_SKULL/D5HOFFMAN_SKULLVPHDDYN_Std/Frame4/,3.27,128,128,47.0,"[1.953125, 1.953125]"
416,StThomas,35,P,True,GE,D710,True,5.0,30.929726493668568,177.0,D:/Hoffman/_StThomas/D5_HOFFMAN_SKULL/D5HOFFMAN_SKULLVPHDDYN_Std/Frame5/,3.27,128,128,47.0,"[1.953125, 1.953125]"
417,StThomas,36,P,True,GE,D710,True,6.0,29.967842544157772,177.0,D:/Hoffman/_StThomas/D5_HOFFMAN_SKULL/D5HOFFMAN_SKULLVPHDDYN_Std/Frame6/,3.27,128,128,47.0,"[1.953125, 1.953125]"
418,StThomas,37,P,True,GE,D710,True,1.0,35.09606982151711,178.0,D:/Hoffman/_StThomas/D5_HOFFMAN_SKULL/D5PETBRAINVPFXDYN/Frame1/,3.27,128,128,47.0,"[1.953125, 1.953125]"
419,StThomas,38,P,True,GE,D710,True,2.0,34.004616708954416,178.0,D:/Hoffman/_StThomas/D5_HOFFMAN_SKULL/D5PETBRAINVPFXDYN/Frame2/,3.27,128,128,47.0,"[1.953125, 1.953125]"
420,StThomas,39,P,True,GE,D710,True,3.0,32.94710671033528,178.0,D:/Hoffman/_StThomas/D5_HOFFMAN_SKULL/D5PETBRAINVPFXDYN/Frame3/,3.27,128,128,47.0,"[1.953125, 1.953125]"
421,StThomas,40,P,True,GE,D710,True,4.0,31.92248422833634,178.0,D:/Hoffman/_StThomas/D5_HOFFMAN_SKULL/D5PETBRAINVPFXDYN/Frame4/,3.27,128,128,47.0,"[1.953125, 1.953125]"
422,StThomas,41,P,True,GE,D710,True,5.0,30.929726493668568,178.0,D:/Hoffman/_StThomas/D5_HOFFMAN_SKULL/D5PETBRAINVPFXDYN/Frame5/,3.27,128,128,47.0,"[1.953125, 1.953125]"
423,StThomas,42,P,True,GE,D710,True,6.0,29.967842544157772,178.0,D:/Hoffman/_StThomas/D5_HOFFMAN_SKULL/D5PETBRAINVPFXDYN/Frame6/,3.27,128,128,47.0,"[1.953125, 1.953125]"
424,StThomas,43,P,True,GE,D710,True,1.0,35.09606982151711,178.0,D:/Hoffman/_StThomas/D5_HOFFMAN_SKULL/D5PETBRAINVPFXDYN_Extra/Frame1/,3.27,128,128,47.0,"[1.953125, 1.953125]"
425,StThomas,44,P,True,GE,D710,True,2.0,34.004616708954416,178.0,D:/Hoffman/_StThomas/D5_HOFFMAN_SKULL/D5PETBRAINVPFXDYN_Extra/Frame2/,3.27,128,128,47.0,"[1.953125, 1.953125]"
426,StThomas,45,P,True,GE,D710,True,3.0,32.94710671033528,178.0,D:/Hoffman/_StThomas/D5_HOFFMAN_SKULL/D5PETBRAINVPFXDYN_Extra/Frame3/,3.27,128,128,47.0,"[1.953125, 1.953125]"
427,StThomas,46,P,True,GE,D710,True,4.0,31.92248422833634,178.0,D:/Hoffman/_StThomas/D5_HOFFMAN_SKULL/D5PETBRAINVPFXDYN_Extra/Frame4/,3.27,128,128,47.0,"[1.953125, 1.953125]"
428,StThomas,47,P,True,GE,D710,True,5.0,30.929726493668568,178.0,D:/Hoffman/_StThomas/D5_HOFFMAN_SKULL/D5PETBRAINVPFXDYN_Extra/Frame5/,3.27,128,128,47.0,"[1.953125, 1.953125]"
429,StThomas,48,P,True,GE,D710,True,6.0,29.967842544157772,178.0,D:/Hoffman/_StThomas/D5_HOFFMAN_SKULL/D5PETBRAINVPFXDYN_Extra/Frame6/,3.27,128,128,47.0,"[1.953125, 1.953125]"
430,StThomas,49,P,True,GE,D710,True,1.0,35.09606982151711,180.0,D:/Hoffman/_StThomas/D5_HOFFMAN_SKULL/D5PETBRAINVPFXSDYN/Frame1/,3.27,128,128,47.0,"[1.953125, 1.953125]"
431,StThomas,50,P,True,GE,D710,True,2.0,34.004616708954416,180.0,D:/Hoffman/_StThomas/D5_HOFFMAN_SKULL/D5PETBRAINVPFXSDYN/Frame2/,3.27,128,128,47.0,"[1.953125, 1.953125]"
432,StThomas,51,P,True,GE,D710,True,3.0,32.94710671033528,180.0,D:/Hoffman/_StThomas/D5_HOFFMAN_SKULL/D5PETBRAINVPFXSDYN/Frame3/,3.27,128,128,47.0,"[1.953125, 1.953125]"
433,StThomas,52,P,True,GE,D710,True,4.0,31.92248422833634,180.0,D:/Hoffman/_StThomas/D5_HOFFMAN_SKULL/D5PETBRAINVPFXSDYN/Frame4/,3.27,128,128,47.0,"[1.953125, 1.953125]"
434,StThomas,53,P,True,GE,D710,True,5.0,30.929726493668568,180.0,D:/Hoffman/_StThomas/D5_HOFFMAN_SKULL/D5PETBRAINVPFXSDYN/Frame5/,3.27,128,128,47.0,"[1.953125, 1.953125]"
435,StThomas,54,P,True,GE,D710,True,6.0,29.967842544157772,180.0,D:/Hoffman/_StThomas/D5_HOFFMAN_SKULL/D5PETBRAINVPFXSDYN/Frame6/,3.27,128,128,47.0,"[1.953125, 1.953125]"
436,StThomas,55,P,True,GE,D710,True,1.0,35.09606982151711,180.0,D:/Hoffman/_StThomas/D5_HOFFMAN_SKULL/D5PETBRAINVPFXSDYN_Local/Frame1/,3.27,128,128,47.0,"[1.953125, 1.953125]"
437,StThomas,56,P,True,GE,D710,True,2.0,34.004616708954416,180.0,D:/Hoffman/_StThomas/D5_HOFFMAN_SKULL/D5PETBRAINVPFXSDYN_Local/Frame2/,3.27,128,128,47.0,"[1.953125, 1.953125]"
438,StThomas,57,P,True,GE,D710,True,3.0,32.94710671033528,180.0,D:/Hoffman/_StThomas/D5_HOFFMAN_SKULL/D5PETBRAINVPFXSDYN_Local/Frame3/,3.27,128,128,47.0,"[1.953125, 1.953125]"
439,StThomas,58,P,True,GE,D710,True,4.0,31.92248422833634,180.0,D:/Hoffman/_StThomas/D5_HOFFMAN_SKULL/D5PETBRAINVPFXSDYN_Local/Frame4/,3.27,128,128,47.0,"[1.953125, 1.953125]"
440,StThomas,59,P,True,GE,D710,True,5.0,30.929726493668568,180.0,D:/Hoffman/_StThomas/D5_HOFFMAN_SKULL/D5PETBRAINVPFXSDYN_Local/Frame5/,3.27,128,128,47.0,"[1.953125, 1.953125]"
441,StThomas,60,P,True,GE,D710,True,6.0,29.967842544157772,180.0,D:/Hoffman/_StThomas/D5_HOFFMAN_SKULL/D5PETBRAINVPFXSDYN_Local/Frame6/,3.27,128,128,47.0,"[1.953125, 1.953125]"
442,StThomas,61,P,True,GE,D710,True,1.0,35.09606982151711,182.0,D:/Hoffman/_StThomas/St Thomas VPHD/VPHD/WITH SKULL/D5HOFFMAN_SKULLVPHDDYN/Frame1/,3.27,128,128,47.0,"[1.953125, 1.953125]"
443,StThomas,62,P,True,GE,D710,True,2.0,34.004616708954416,182.0,D:/Hoffman/_StThomas/St Thomas VPHD/VPHD/WITH SKULL/D5HOFFMAN_SKULLVPHDDYN/Frame2/,3.27,128,128,47.0,"[1.953125, 1.953125]"
444,StThomas,63,P,True,GE,D710,True,3.0,32.94710671033528,182.0,D:/Hoffman/_StThomas/St Thomas VPHD/VPHD/WITH SKULL/D5HOFFMAN_SKULLVPHDDYN/Frame3/,3.27,128,128,47.0,"[1.953125, 1.953125]"
445,StThomas,64,P,True,GE,D710,True,4.0,31.92248422833634,182.0,D:/Hoffman/_StThomas/St Thomas VPHD/VPHD/WITH SKULL/D5HOFFMAN_SKULLVPHDDYN/Frame4/,3.27,128,128,47.0,"[1.953125, 1.953125]"
446,StThomas,65,P,True,GE,D710,True,5.0,30.929726493668568,182.0,D:/Hoffman/_StThomas/St Thomas VPHD/VPHD/WITH SKULL/D5HOFFMAN_SKULLVPHDDYN/Frame5/,3.27,128,128,47.0,"[1.953125, 1.953125]"
447,StThomas,66,P,True,GE,D710,True,6.0,29.967842544157772,182.0,D:/Hoffman/_StThomas/St Thomas VPHD/VPHD/WITH SKULL/D5HOFFMAN_SKULLVPHDDYN/Frame6/,3.27,128,128,47.0,"[1.953125, 1.953125]"
448,StThomas,67,P,True,GE,D710,False,1.0,45.18801840242475,183.0,D:/Hoffman/_StThomas/St Thomas VPHD/VPHD/WITHOUT SKULL/D5HOFFMANNOSKULLVPHDDYN/Frame1/,3.27,128,128,47.0,"[1.953125, 1.953125]"
449,StThomas,68,P,True,GE,D710,False,2.0,43.78271565523142,183.0,D:/Hoffman/_StThomas/St Thomas VPHD/VPHD/WITHOUT SKULL/D5HOFFMANNOSKULLVPHDDYN/Frame2/,3.27,128,128,47.0,"[1.953125, 1.953125]"
450,StThomas,69,P,True,GE,D710,False,3.0,42.42111643567858,183.0,D:/Hoffman/_StThomas/St Thomas VPHD/VPHD/WITHOUT SKULL/D5HOFFMANNOSKULLVPHDDYN/Frame3/,3.27,128,128,47.0,"[1.953125, 1.953125]"
451,StThomas,70,P,True,GE,D710,False,4.0,41.10186160721572,183.0,D:/Hoffman/_StThomas/St Thomas VPHD/VPHD/WITHOUT SKULL/D5HOFFMANNOSKULLVPHDDYN/Frame4/,3.27,128,128,47.0,"[1.953125, 1.953125]"
452,StThomas,71,P,True,GE,D710,False,5.0,39.823634301096874,183.0,D:/Hoffman/_StThomas/St Thomas VPHD/VPHD/WITHOUT SKULL/D5HOFFMANNOSKULLVPHDDYN/Frame5/,3.27,128,128,47.0,"[1.953125, 1.953125]"
453,StThomas,72,P,True,GE,D710,False,6.0,38.58515860189359,183.0,D:/Hoffman/_StThomas/St Thomas VPHD/VPHD/WITHOUT SKULL/D5HOFFMANNOSKULLVPHDDYN/Frame6/,3.27,128,128,47.0,"[1.953125, 1.953125]"
454,UCL-UCLH,01,P,True,GE,DST,False,1.0,22.37152490963449,184.0,D:/Hoffman/_UCL-UCLH/DST_HOFFMAN_NOSKULL/PET_DYN_6times5MIN/1.2.840.113619.2.55.3.2349523240.438.1378968805.817/Frame1/,3.27,128,128,47.0,"[1.953125, 1.953125]"
455,UCL-UCLH,02,P,True,GE,DST,False,2.0,21.67579257779304,184.0,D:/Hoffman/_UCL-UCLH/DST_HOFFMAN_NOSKULL/PET_DYN_6times5MIN/1.2.840.113619.2.55.3.2349523240.438.1378968805.817/Frame2/,3.27,128,128,47.0,"[1.953125, 1.953125]"
456,UCL-UCLH,03,P,True,GE,DST,False,3.0,21.001696834406097,184.0,D:/Hoffman/_UCL-UCLH/DST_HOFFMAN_NOSKULL/PET_DYN_6times5MIN/1.2.840.113619.2.55.3.2349523240.438.1378968805.817/Frame3/,3.27,128,128,47.0,"[1.953125, 1.953125]"
457,UCL-UCLH,04,P,True,GE,DST,False,4.0,20.348564802939794,184.0,D:/Hoffman/_UCL-UCLH/DST_HOFFMAN_NOSKULL/PET_DYN_6times5MIN/1.2.840.113619.2.55.3.2349523240.438.1378968805.817/Frame4/,3.27,128,128,47.0,"[1.953125, 1.953125]"
458,UCL-UCLH,05,P,True,GE,DST,False,5.0,19.71574453265597,184.0,D:/Hoffman/_UCL-UCLH/DST_HOFFMAN_NOSKULL/PET_DYN_6times5MIN/1.2.840.113619.2.55.3.2349523240.438.1378968805.817/Frame5/,3.27,128,128,47.0,"[1.953125, 1.953125]"
459,UCL-UCLH,06,P,True,GE,DST,False,6.0,19.102604347840597,184.0,D:/Hoffman/_UCL-UCLH/DST_HOFFMAN_NOSKULL/PET_DYN_6times5MIN/1.2.840.113619.2.55.3.2349523240.438.1378968805.817/Frame6/,3.27,128,128,47.0,"[1.953125, 1.953125]"
460,UCL-UCLH,07,P,False,GE,DST,False,,,185.0,D:/Hoffman/_UCL-UCLH/DST_HOFFMAN_NOSKULL/PET_SUM_30MIN/1.2.840.113619.2.55.3.2349523240.438.1378968805.817/,3.27,128,128,47.0,"[1.953125, 1.953125]"
461,UCL-UCLH,08,P,True,GE,DST,True,1.0,28.263636474475028,186.0,D:/Hoffman/_UCL-UCLH/DST_HOFFMAN_SKULL/PET_DYN_6times5MIN/1.2.840.113619.2.55.3.2349523240.438.1378968805.664/Frame1/,3.27,128,128,47.0,"[1.953125, 1.953125]"
462,UCL-UCLH,09,P,True,GE,DST,True,2.0,27.38466529168198,186.0,D:/Hoffman/_UCL-UCLH/DST_HOFFMAN_SKULL/PET_DYN_6times5MIN/1.2.840.113619.2.55.3.2349523240.438.1378968805.664/Frame2/,3.27,128,128,47.0,"[1.953125, 1.953125]"
463,UCL-UCLH,10,P,True,GE,DST,True,3.0,26.533029244651743,186.0,D:/Hoffman/_UCL-UCLH/DST_HOFFMAN_SKULL/PET_DYN_6times5MIN/1.2.840.113619.2.55.3.2349523240.438.1378968805.664/Frame3/,3.27,128,128,47.0,"[1.953125, 1.953125]"
464,UCL-UCLH,11,P,True,GE,DST,True,4.0,25.70787823765673,186.0,D:/Hoffman/_UCL-UCLH/DST_HOFFMAN_SKULL/PET_DYN_6times5MIN/1.2.840.113619.2.55.3.2349523240.438.1378968805.664/Frame4/,3.27,128,128,47.0,"[1.953125, 1.953125]"
465,UCL-UCLH,12,P,True,GE,DST,True,5.0,24.908388612106958,186.0,D:/Hoffman/_UCL-UCLH/DST_HOFFMAN_SKULL/PET_DYN_6times5MIN/1.2.840.113619.2.55.3.2349523240.438.1378968805.664/Frame5/,3.27,128,128,47.0,"[1.953125, 1.953125]"
466,UCL-UCLH,13,P,True,GE,DST,True,6.0,24.133762324381212,186.0,D:/Hoffman/_UCL-UCLH/DST_HOFFMAN_SKULL/PET_DYN_6times5MIN/1.2.840.113619.2.55.3.2349523240.438.1378968805.664/Frame6/,3.27,128,128,47.0,"[1.953125, 1.953125]"
467,UCL-UCLH,14,P,False,GE,DST,True,,,187.0,D:/Hoffman/_UCL-UCLH/DST_HOFFMAN_SKULL/PET_SUM_30MIN/1.2.840.113619.2.55.3.2349523240.438.1378968805.664/,3.27,128,128,47.0,"[1.953125, 1.953125]"
468,UCL-UCLH,15,P,True,GE,DVCT,False,1.0,,188.0,D:/Hoffman/_UCL-UCLH/DVCT_HOFFMAN_NOSKULL/PET_DYN_6times5MIN/1.2.840.113619.2.55.3.2349523752.781.1378969999.87/Frame1/,3.27,128,128,47.0,"[1.953125, 1.953125]"
469,UCL-UCLH,16,P,True,GE,DVCT,False,2.0,,188.0,D:/Hoffman/_UCL-UCLH/DVCT_HOFFMAN_NOSKULL/PET_DYN_6times5MIN/1.2.840.113619.2.55.3.2349523752.781.1378969999.87/Frame2/,3.27,128,128,47.0,"[1.953125, 1.953125]"
470,UCL-UCLH,17,P,True,GE,DVCT,False,3.0,,188.0,D:/Hoffman/_UCL-UCLH/DVCT_HOFFMAN_NOSKULL/PET_DYN_6times5MIN/1.2.840.113619.2.55.3.2349523752.781.1378969999.87/Frame3/,3.27,128,128,47.0,"[1.953125, 1.953125]"
471,UCL-UCLH,18,P,True,GE,DVCT,False,4.0,,188.0,D:/Hoffman/_UCL-UCLH/DVCT_HOFFMAN_NOSKULL/PET_DYN_6times5MIN/1.2.840.113619.2.55.3.2349523752.781.1378969999.87/Frame4/,3.27,128,128,47.0,"[1.953125, 1.953125]"
472,UCL-UCLH,19,P,True,GE,DVCT,False,5.0,,188.0,D:/Hoffman/_UCL-UCLH/DVCT_HOFFMAN_NOSKULL/PET_DYN_6times5MIN/1.2.840.113619.2.55.3.2349523752.781.1378969999.87/Frame5/,3.27,128,128,47.0,"[1.953125, 1.953125]"
473,UCL-UCLH,20,P,True,GE,DVCT,False,6.0,,188.0,D:/Hoffman/_UCL-UCLH/DVCT_HOFFMAN_NOSKULL/PET_DYN_6times5MIN/1.2.840.113619.2.55.3.2349523752.781.1378969999.87/Frame6/,3.27,128,128,47.0,"[1.953125, 1.953125]"
474,UCL-UCLH,21,P,False,GE,DVCT,False,,,189.0,D:/Hoffman/_UCL-UCLH/DVCT_HOFFMAN_NOSKULL/PET_SUM_30MIN/1.2.840.113619.2.55.3.2349523752.781.1378969999.87/,3.27,128,128,47.0,"[1.953125, 1.953125]"
475,UCL-UCLH,22,P,True,GE,DVCT,True,1.0,,190.0,D:/Hoffman/_UCL-UCLH/DVCT_HOFFMAN_SKULL/PET_DYN_6times5MIN/1.2.840.113619.2.55.3.2349523752.781.1378969998.980/Frame1/,3.27,128,128,47.0,"[1.953125, 1.953125]"
476,UCL-UCLH,23,P,True,GE,DVCT,True,2.0,,190.0,D:/Hoffman/_UCL-UCLH/DVCT_HOFFMAN_SKULL/PET_DYN_6times5MIN/1.2.840.113619.2.55.3.2349523752.781.1378969998.980/Frame2/,3.27,128,128,47.0,"[1.953125, 1.953125]"
477,UCL-UCLH,24,P,True,GE,DVCT,True,3.0,,190.0,D:/Hoffman/_UCL-UCLH/DVCT_HOFFMAN_SKULL/PET_DYN_6times5MIN/1.2.840.113619.2.55.3.2349523752.781.1378969998.980/Frame3/,3.27,128,128,47.0,"[1.953125, 1.953125]"
478,UCL-UCLH,25,P,True,GE,DVCT,True,4.0,,190.0,D:/Hoffman/_UCL-UCLH/DVCT_HOFFMAN_SKULL/PET_DYN_6times5MIN/1.2.840.113619.2.55.3.2349523752.781.1378969998.980/Frame4/,3.27,128,128,47.0,"[1.953125, 1.953125]"
479,UCL-UCLH,26,P,True,GE,DVCT,True,5.0,,190.0,D:/Hoffman/_UCL-UCLH/DVCT_HOFFMAN_SKULL/PET_DYN_6times5MIN/1.2.840.113619.2.55.3.2349523752.781.1378969998.980/Frame5/,3.27,128,128,47.0,"[1.953125, 1.953125]"
480,UCL-UCLH,27,P,True,GE,DVCT,True,6.0,,190.0,D:/Hoffman/_UCL-UCLH/DVCT_HOFFMAN_SKULL/PET_DYN_6times5MIN/1.2.840.113619.2.55.3.2349523752.781.1378969998.980/Frame6/,3.27,128,128,47.0,"[1.953125, 1.953125]"
481,UCL-UCLH,28,P,False,GE,DVCT,True,,,191.0,D:/Hoffman/_UCL-UCLH/DVCT_HOFFMAN_SKULL/PET_SUM_30MIN/1.2.840.113619.2.55.3.2349523752.781.1378969998.980/,3.27,128,128,47.0,"[1.953125, 1.953125]"
482,WMIC,01,P,True,SIEMENS,TrueV,False,1.0,20.64928373539095,192.0,D:/Hoffman/_WMIC/Hoffman_NoSkull_2014_06_09/6x5mm_CTAC_3x21_128_z2-7_4mm (AC)/Frame1/,3.0,128,128,74.0,"[1.97985, 1.97985]"
483,WMIC,02,P,True,SIEMENS,TrueV,False,2.0,20.007111403280845,192.0,D:/Hoffman/_WMIC/Hoffman_NoSkull_2014_06_09/6x5mm_CTAC_3x21_128_z2-7_4mm (AC)/Frame2/,3.0,128,128,74.0,"[1.97985, 1.97985]"
484,WMIC,03,P,True,SIEMENS,TrueV,False,3.0,19.384909996526417,192.0,D:/Hoffman/_WMIC/Hoffman_NoSkull_2014_06_09/6x5mm_CTAC_3x21_128_z2-7_4mm (AC)/Frame3/,3.0,128,128,74.0,"[1.97985, 1.97985]"
485,WMIC,04,P,True,SIEMENS,TrueV,False,4.0,18.78205843907126,192.0,D:/Hoffman/_WMIC/Hoffman_NoSkull_2014_06_09/6x5mm_CTAC_3x21_128_z2-7_4mm (AC)/Frame4/,3.0,128,128,74.0,"[1.97985, 1.97985]"
486,WMIC,05,P,True,SIEMENS,TrueV,False,5.0,18.19795496971098,192.0,D:/Hoffman/_WMIC/Hoffman_NoSkull_2014_06_09/6x5mm_CTAC_3x21_128_z2-7_4mm (AC)/Frame5/,3.0,128,128,74.0,"[1.97985, 1.97985]"
487,WMIC,06,P,True,SIEMENS,TrueV,False,6.0,17.63201654142037,192.0,D:/Hoffman/_WMIC/Hoffman_NoSkull_2014_06_09/6x5mm_CTAC_3x21_128_z2-7_4mm (AC)/Frame6/,3.0,128,128,74.0,"[1.97985, 1.97985]"
488,WMIC,07,P,True,SIEMENS,TrueV,True,1.0,28.142772889340325,193.0,D:/Hoffman/_WMIC/Hoffman_Skull_2014_06_09/6x5mm_CTAC_3x21_128_z2-7_4mm (AC)/Frame1/,3.0,128,128,74.0,"[1.97985, 1.97985]"
489,WMIC,08,P,True,SIEMENS,TrueV,True,2.0,27.26756044468695,193.0,D:/Hoffman/_WMIC/Hoffman_Skull_2014_06_09/6x5mm_CTAC_3x21_128_z2-7_4mm (AC)/Frame2/,3.0,128,128,74.0,"[1.97985, 1.97985]"
490,WMIC,09,P,True,SIEMENS,TrueV,True,3.0,26.419566242752158,193.0,D:/Hoffman/_WMIC/Hoffman_Skull_2014_06_09/6x5mm_CTAC_3x21_128_z2-7_4mm (AC)/Frame3/,3.0,128,128,74.0,"[1.97985, 1.97985]"
491,WMIC,10,P,True,SIEMENS,TrueV,True,4.0,25.5979438230666,193.0,D:/Hoffman/_WMIC/Hoffman_Skull_2014_06_09/6x5mm_CTAC_3x21_128_z2-7_4mm (AC)/Frame4/,3.0,128,128,74.0,"[1.97985, 1.97985]"
492,WMIC,11,P,True,SIEMENS,TrueV,True,5.0,24.801873049245597,193.0,D:/Hoffman/_WMIC/Hoffman_Skull_2014_06_09/6x5mm_CTAC_3x21_128_z2-7_4mm (AC)/Frame5/,3.0,128,128,74.0,"[1.97985, 1.97985]"
493,WMIC,12,P,True,SIEMENS,TrueV,True,6.0,24.030559290336114,193.0,D:/Hoffman/_WMIC/Hoffman_Skull_2014_06_09/6x5mm_CTAC_3x21_128_z2-7_4mm (AC)/Frame6/,3.0,128,128,74.0,"[1.97985, 1.97985]"
